markt,tf,familie,L,variant,n,R21,basis_R21,edge,maat,winrate,se,t,R11,edge_R11,fwd12_atr,kosten_R,edge_voor_2020,edge_2020_24,jaren_zelfde_teken,aantal_jaren,andere_markten_mee,L_zelfde_teken,netto_na_kosten,poort,richting
XAUUSD,M15,BOS,1.0000,alle,5772,-0.0481,-0.0102,-0.0379,R15,0.3782,0.0179,-2.1205,-0.0481,-0.0331,-0.0134,0.4447,-0.0059,-0.0759,0.8889,9,3,2.0000,-0.3966,False,omgekeerd
XAUUSD,M15,BOS,1.0000,displacement,2280,-0.0243,-0.0003,-0.0240,R15,0.3886,0.0270,-0.8910,-0.0335,-0.0251,-0.0336,0.4447,0.0354,-0.0990,0.7778,9,3,2.0000,-0.4112,False,omgekeerd
XAUUSD,M15,BOS,1.0000,TF+1 mee,1635,-0.0513,0.0244,-0.0758,R15,0.3768,0.0350,-2.1645,-0.0619,-0.0556,-0.0491,0.4447,-0.0474,-0.1129,0.7778,9,2,2.0000,-0.3827,False,omgekeerd
XAUUSD,M15,BOS,1.0000,TF+1 en TF+2 mee,584,0.0157,0.0411,-0.0254,R15,0.4041,0.0601,-0.4225,-0.0041,-0.0307,0.1752,0.4447,0.0008,-0.0661,0.6667,9,3,2.0000,-0.4405,False,omgekeerd
XAUUSD,M15,CHoCH,1.0000,alle,5634,-0.0304,-0.0045,-0.0259,R15,0.3850,0.0165,-1.5644,-0.0376,-0.0253,-0.0555,0.4447,-0.0217,-0.0309,0.5556,9,3,3.0000,-0.4071,False,omgekeerd
XAUUSD,M15,CHoCH,1.0000,displacement,2079,-0.0583,-0.0128,-0.0455,R15,0.3752,0.0283,-1.6103,-0.0544,-0.0385,-0.1377,0.4447,-0.0440,-0.0474,0.6667,9,3,3.0000,-0.3903,False,omgekeerd
XAUUSD,M15,CHoCH,1.0000,MSS,460,-0.0851,-0.0154,-0.0697,R15,0.3652,0.0617,-1.1290,-0.0783,-0.0549,-0.0674,0.4447,-0.0460,-0.0963,0.6667,9,1,3.0000,-0.3664,False,omgekeerd
XAUUSD,M15,CHoCH,1.0000,TF+1 mee,1620,-0.0300,-0.0130,-0.0169,R15,0.3821,0.0360,-0.4699,-0.0578,-0.0399,0.0042,0.4447,-0.0095,-0.0256,0.5556,9,4,3.0000,-0.3869,False,omgekeerd
XAUUSD,M15,CHoCH,1.0000,met sweep,4856,-0.0047,-0.0019,-0.0029,R15,0.3952,0.0179,-0.1594,-0.0209,-0.0125,-0.0275,0.4447,-0.0050,-0.0004,0.4444,9,3,3.0000,-0.4238,False,omgekeerd
XAUUSD,M15,sweep_swing,1.0000,alle,14004,-0.0204,-0.0046,-0.0158,R15,0.3886,0.0106,-1.4896,-0.0337,-0.0199,-0.0230,0.4447,-0.0373,0.0092,0.6667,9,0,3.0000,-0.4110,False,omgekeerd
XAUUSD,M15,sweep_swing,1.0000,TF+1 mee,4030,0.0154,0.0046,0.0108,R15,0.4030,0.0215,0.5017,-0.0195,-0.0114,0.1260,0.4447,-0.0102,0.0341,0.4444,9,0,3.0000,-0.4293,False,mee
XAUUSD,M15,BOS,3.0000,alle,2763,-0.0360,0.0031,-0.0392,R15,0.3826,0.0261,-1.5012,-0.0210,-0.0183,-0.0475,0.4447,-0.0024,-0.0829,0.8889,9,2,2.0000,-0.4236,False,omgekeerd
XAUUSD,M15,BOS,3.0000,displacement,1351,-0.0045,0.0067,-0.0112,R15,0.3967,0.0375,-0.2973,0.0126,0.0178,-0.0881,0.4447,0.0029,-0.0297,0.5556,9,2,2.0000,-0.4572,False,omgekeerd
XAUUSD,M15,BOS,3.0000,TF+1 mee,943,-0.0253,0.0185,-0.0438,R15,0.3871,0.0435,-1.0067,-0.0228,-0.0265,-0.0729,0.4447,-0.0667,-0.0115,0.7778,9,2,2.0000,-0.4219,False,omgekeerd
XAUUSD,M15,BOS,3.0000,TF+1 en TF+2 mee,338,-0.0395,0.0681,-0.1076,R15,0.3817,0.0718,-1.4980,0.0047,-0.0656,0.2824,0.4447,-0.1076,-0.1076,0.6667,9,2,2.0000,-0.4493,False,omgekeerd
XAUUSD,M15,CHoCH,3.0000,alle,2601,-0.0233,0.0167,-0.0400,R15,0.3883,0.0246,-1.6228,-0.0170,-0.0216,-0.0696,0.4447,-0.0470,-0.0316,0.8889,9,3,3.0000,-0.4277,False,omgekeerd
XAUUSD,M15,CHoCH,3.0000,displacement,1234,-0.0664,0.0225,-0.0889,R15,0.3712,0.0385,-2.3062,-0.0550,-0.0505,-0.1033,0.4447,-0.0885,-0.0894,0.6667,9,1,3.0000,-0.3897,False,omgekeerd
XAUUSD,M15,CHoCH,3.0000,MSS,424,-0.1489,0.0200,-0.1689,R15,0.3396,0.0654,-2.5847,-0.0425,-0.0268,-0.1271,0.4447,-0.2690,-0.0579,0.6667,9,1,3.0000,-0.4022,False,omgekeerd
XAUUSD,M15,CHoCH,3.0000,TF+1 mee,674,-0.0488,-0.0116,-0.0372,R15,0.3769,0.0497,-0.7477,-0.0423,-0.0131,0.0410,0.4447,-0.0499,-0.0228,0.8750,8,2,3.0000,-0.4024,False,omgekeerd
XAUUSD,M15,CHoCH,3.0000,met sweep,1918,-0.0350,0.0212,-0.0562,R15,0.3843,0.0288,-1.9532,-0.0260,-0.0329,-0.0761,0.4447,-0.0645,-0.0467,0.8889,9,3,3.0000,-0.4187,False,omgekeerd
XAUUSD,M15,sweep_swing,3.0000,alle,6019,-0.0344,0.0066,-0.0409,R15,0.3836,0.0164,-2.4962,-0.0429,-0.0354,0.0159,0.4447,-0.0375,-0.0450,0.7778,9,0,3.0000,-0.4017,False,omgekeerd
XAUUSD,M15,sweep_swing,3.0000,TF+1 mee,1786,0.0092,-0.0189,0.0281,R15,0.3998,0.0310,0.9063,-0.0232,-0.0006,0.1206,0.4447,0.0015,0.0603,0.6667,9,0,3.0000,-0.4354,False,mee
XAUUSD,M15,BOS,5.0000,alle,1906,0.0037,-0.0327,0.0364,R15,0.3987,0.0306,1.1897,-0.0307,0.0077,0.0185,0.4447,0.0540,0.0152,0.6667,9,0,1.0000,-0.4410,False,mee
XAUUSD,M15,BOS,5.0000,displacement,1042,-0.0058,-0.0338,0.0279,R15,0.3964,0.0418,0.6681,-0.0326,0.0057,-0.1068,0.4447,0.0496,-0.0005,0.5556,9,0,1.0000,-0.4505,False,mee
XAUUSD,M15,BOS,5.0000,TF+1 mee,692,0.0453,0.0116,0.0337,R15,0.4147,0.0505,0.6679,0.0020,0.0106,0.0894,0.4447,0.0368,0.0300,0.6667,9,0,1.0000,-0.3993,False,mee
XAUUSD,M15,BOS,5.0000,TF+1 en TF+2 mee,253,0.0178,0.0141,0.0037,R15,0.4071,0.0789,0.0466,0.0198,0.0028,0.1907,0.4447,-0.0456,0.0856,0.3333,9,0,1.0000,-0.4269,False,mee
XAUUSD,M15,CHoCH,5.0000,alle,1820,-0.0276,-0.0163,-0.0114,R15,0.3868,0.0321,-0.3540,-0.0032,0.0210,-0.0526,0.4447,-0.0010,-0.0245,0.5556,9,3,3.0000,-0.4415,False,omgekeerd
XAUUSD,M15,CHoCH,5.0000,displacement,910,-0.0169,0.0066,-0.0234,R15,0.3923,0.0423,-0.5542,0.0220,0.0350,-0.0272,0.4447,-0.0060,-0.0490,0.6667,9,2,3.0000,-0.4666,False,omgekeerd
XAUUSD,M15,CHoCH,5.0000,MSS,353,-0.1123,0.0094,-0.1216,R15,0.3541,0.0689,-1.7652,0.0085,0.0064,-0.0189,0.4447,-0.1608,-0.0673,0.5556,9,1,3.0000,-0.4532,False,omgekeerd
XAUUSD,M15,CHoCH,5.0000,TF+1 mee,403,-0.1104,0.0077,-0.1181,R15,0.3524,0.0663,-1.7824,-0.0720,-0.0789,0.2460,0.4447,0.0045,-0.2641,0.6250,8,2,3.0000,-0.3727,False,omgekeerd
XAUUSD,M15,CHoCH,5.0000,met sweep,1025,-0.0253,-0.0198,-0.0055,R15,0.3883,0.0415,-0.1331,0.0232,0.0557,-0.0332,0.4447,0.0337,-0.0535,0.4444,9,3,3.0000,-0.4678,False,omgekeerd
XAUUSD,M15,sweep_swing,5.0000,alle,3673,-0.0209,-0.0121,-0.0088,R15,0.3891,0.0218,-0.4019,-0.0301,-0.0071,-0.0232,0.4447,0.0019,-0.0208,0.6667,9,1,3.0000,-0.4146,False,omgekeerd
XAUUSD,M15,sweep_swing,5.0000,TF+1 mee,1122,0.0443,-0.0214,0.0657,R15,0.4144,0.0395,1.6634,0.0107,0.0456,0.1692,0.4447,0.0643,0.0672,0.6667,9,1,3.0000,-0.4003,False,mee
XAUUSD,M15,sweep_dag,,alle,731,-0.0119,0.0012,-0.0132,R15,0.3940,0.0504,-0.2615,-0.0327,-0.0377,-0.2137,0.4447,-0.0568,0.0498,0.6667,9,0,,-0.4119,False,omgekeerd
XAUUSD,M15,sweep_dag,,TF+1 mee,154,-0.0353,0.0268,-0.0621,R15,0.3831,0.1099,-0.5648,-0.1099,-0.0978,-0.5136,0.4447,0.0389,-0.2041,0.7500,8,0,,-0.3347,False,omgekeerd
XAUUSD,M15,sweep_azie,,alle,1140,0.0172,0.0015,0.0156,R15,0.4061,0.0379,0.4127,-0.0474,-0.0391,-0.0542,0.4447,0.0037,0.0341,0.5556,9,0,,-0.4275,False,mee
XAUUSD,M15,sweep_azie,,TF+1 mee,353,0.0469,0.0214,0.0255,R15,0.4164,0.0693,0.3679,-0.0482,-0.0661,0.1321,0.4447,0.0413,-0.0022,0.4444,9,0,,-0.3977,False,mee
XAUUSD,M15,FVG_vorming,,alle,26601,-0.0219,-0.0129,-0.0089,R15,0.3874,0.0092,-0.9769,-0.0273,-0.0085,0.0086,0.4447,-0.0053,-0.0133,0.5556,9,0,,-0.4173,False,omgekeerd
XAUUSD,M15,FVG_vorming,,TF+1 mee,7639,-0.0274,-0.0102,-0.0172,R15,0.3850,0.0175,-0.9875,-0.0199,-0.0074,0.0185,0.4447,0.0030,-0.0404,0.6667,9,0,,-0.4248,False,omgekeerd
XAUUSD,M15,FVG_retest,,TF+1 mee,6127,-0.0167,0.0032,-0.0200,R15,0.3880,0.0190,-1.0476,-0.0310,-0.0282,0.0055,0.4447,-0.0198,-0.0201,0.5556,9,0,,-0.4136,False,omgekeerd
XAUUSD,M15,FVG_inverse,,alle,15783,-0.0188,-0.0141,-0.0047,R15,0.3895,0.0100,-0.4761,-0.0272,-0.0136,-0.0167,0.4447,-0.0010,-0.0092,0.4444,9,0,,-0.4174,False,omgekeerd
XAUUSD,H1,BOS,1.0000,alle,1696,-0.0102,0.0000,-0.0102,R15,0.3950,0.0330,-0.3097,-0.0318,-0.0096,0.1314,0.2180,-0.0184,0.0023,0.8889,9,2,2.0000,-0.1862,False,omgekeerd
XAUUSD,H1,BOS,1.0000,displacement,717,0.0443,-0.0056,0.0499,R15,0.4170,0.0469,1.0634,0.0014,0.0319,0.0683,0.2180,0.0676,0.0217,0.4444,9,0,3.0000,-0.1737,False,mee
XAUUSD,H1,BOS,1.0000,TF+1 mee,581,0.0069,0.0528,-0.0459,R15,0.4028,0.0545,-0.8421,-0.0258,-0.0549,0.1246,0.2180,-0.0594,-0.0216,0.6667,9,2,1.0000,-0.1922,False,omgekeerd
XAUUSD,H1,BOS,1.0000,TF+1 en TF+2 mee,169,0.0947,-0.0710,0.1657,R15,0.4379,0.1076,1.5397,-0.0178,0.0521,0.3125,0.2180,0.2228,0.0809,0.7500,8,0,2.0000,-0.1233,False,mee
XAUUSD,H1,CHoCH,1.0000,alle,1637,-0.0226,-0.0374,0.0148,R15,0.3910,0.0296,0.4995,-0.0312,0.0125,-0.0170,0.2180,0.0585,-0.0579,0.5556,9,0,2.0000,-0.2406,False,mee
XAUUSD,H1,CHoCH,1.0000,displacement,621,0.0266,-0.0502,0.0768,R15,0.4106,0.0532,1.4424,0.0145,0.0665,-0.0243,0.2180,0.1195,0.0000,0.7778,9,1,2.0000,-0.1914,False,mee
XAUUSD,H1,CHoCH,1.0000,MSS,124,0.1492,0.0121,0.1371,R15,0.4597,0.1204,1.1386,0.1774,0.1677,0.3263,0.2180,0.1524,0.1071,0.8000,5,0,2.0000,-0.0688,False,mee
XAUUSD,H1,CHoCH,1.0000,TF+1 mee,518,0.0135,0.0405,-0.0270,R15,0.4054,0.0593,-0.4559,0.0000,-0.0263,-0.1520,0.2180,0.0409,-0.1463,0.5556,9,2,3.0000,-0.2180,False,omgekeerd
XAUUSD,H1,CHoCH,1.0000,met sweep,1420,-0.0106,-0.0360,0.0255,R15,0.3958,0.0324,0.7865,-0.0254,0.0159,0.0255,0.2180,0.0682,-0.0466,0.5556,9,0,2.0000,-0.2286,False,mee
XAUUSD,H1,sweep_swing,1.0000,alle,4313,-0.0107,-0.0255,0.0148,R15,0.3953,0.0198,0.7465,-0.0349,-0.0035,-0.0755,0.2180,0.0220,0.0039,0.5556,9,0,3.0000,-0.2287,False,mee
XAUUSD,H1,sweep_swing,1.0000,TF+1 mee,1342,0.0778,0.0011,0.0766,R15,0.4307,0.0417,1.8358,0.0129,0.0277,-0.0145,0.2180,0.1073,0.0272,0.6667,9,0,3.0000,-0.1402,False,mee
XAUUSD,H1,BOS,3.0000,alle,799,-0.0125,0.0260,-0.0385,R15,0.3942,0.0472,-0.8154,-0.0413,-0.0397,0.2812,0.2180,-0.0409,-0.0348,0.6667,9,1,2.0000,-0.1767,False,omgekeerd
XAUUSD,H1,BOS,3.0000,displacement,439,0.0251,-0.0040,0.0291,R15,0.4100,0.0619,0.4697,0.0023,0.0289,0.3560,0.2180,0.0921,-0.0706,0.4444,9,1,3.0000,-0.1929,False,mee
XAUUSD,H1,BOS,3.0000,TF+1 mee,289,0.0900,0.0428,0.0471,R15,0.4360,0.0935,0.5040,0.0450,0.0304,0.4138,0.2180,0.0170,0.1000,0.5556,9,0,2.0000,-0.1280,False,mee
XAUUSD,H1,BOS,3.0000,TF+1 en TF+2 mee,66,0.0985,-0.0606,0.1591,R15,0.4394,0.2052,0.7752,-0.0909,-0.0485,0.2093,0.2180,0.1892,0.1207,0.5000,2,2,2.0000,-0.1195,False,mee
XAUUSD,H1,CHoCH,3.0000,alle,802,-0.0898,-0.0056,-0.0842,R15,0.3641,0.0435,-1.9370,-0.0673,-0.0618,0.0292,0.2180,-0.0748,-0.0998,0.7778,9,2,1.0000,-0.1507,False,omgekeerd
XAUUSD,H1,CHoCH,3.0000,displacement,371,-0.0768,-0.0107,-0.0661,R15,0.3693,0.0616,-1.0734,-0.0836,-0.0846,0.1032,0.2180,-0.0545,-0.0855,0.5556,9,0,1.0000,-0.1344,False,omgekeerd
XAUUSD,H1,CHoCH,3.0000,MSS,118,-0.2161,-0.0763,-0.1398,R15,0.3136,0.1150,-1.2156,-0.1864,-0.1966,-0.1670,0.2180,-0.1507,-0.1222,0.5000,6,1,1.0000,-0.0316,False,omgekeerd
XAUUSD,H1,CHoCH,3.0000,TF+1 mee,230,-0.0870,0.0710,-0.1580,R15,0.3652,0.0929,-1.7014,-0.0870,-0.1197,0.1025,0.2180,-0.2142,-0.0640,0.6667,9,1,3.0000,-0.1310,False,omgekeerd
XAUUSD,H1,CHoCH,3.0000,met sweep,591,-0.1117,-0.0110,-0.1007,R15,0.3553,0.0514,-1.9589,-0.0795,-0.0772,-0.0134,0.2180,-0.1029,-0.0969,0.7778,9,1,1.0000,-0.1385,False,omgekeerd
XAUUSD,H1,sweep_swing,3.0000,alle,1787,0.0120,-0.0214,0.0334,R15,0.4046,0.0300,1.1120,-0.0218,0.0038,-0.0126,0.2180,0.0159,0.0601,0.6667,9,0,3.0000,-0.2060,False,mee
XAUUSD,H1,sweep_swing,3.0000,TF+1 mee,559,0.1181,0.0674,0.0506,R15,0.4472,0.0601,0.8422,0.0519,0.0208,0.0851,0.2180,0.0316,0.0793,0.6667,9,0,3.0000,-0.0999,False,mee
XAUUSD,H1,BOS,5.0000,alle,586,0.0751,0.0017,0.0734,R15,0.4300,0.0545,1.3457,0.0410,0.0512,0.0998,0.2180,0.0932,0.0431,0.5556,9,0,1.0000,-0.1429,False,mee
XAUUSD,H1,BOS,5.0000,displacement,314,0.1704,-0.0127,0.1831,R15,0.4682,0.0725,2.5256,0.1210,0.1465,0.1166,0.2180,0.2460,0.0880,0.6667,9,0,3.0000,-0.0476,False,mee
XAUUSD,H1,BOS,5.0000,TF+1 mee,260,0.0865,-0.0077,0.0942,R15,0.4346,0.0783,1.2036,0.0615,0.0785,0.1846,0.2180,0.1366,0.0253,0.5556,9,0,2.0000,-0.1315,False,mee
XAUUSD,H1,BOS,5.0000,TF+1 en TF+2 mee,67,-0.0299,0.1791,-0.2090,R15,0.3881,0.1579,-1.3230,-0.1045,-0.2209,0.0481,0.2180,-0.3143,-0.0938,1.0000,2,1,1.0000,-0.1135,False,omgekeerd
XAUUSD,H1,CHoCH,5.0000,alle,519,0.0116,-0.0019,0.0135,R15,0.4046,0.0599,0.2255,0.0019,0.0277,-0.0038,0.2180,0.0252,-0.0076,0.5556,9,0,2.0000,-0.2064,False,mee
XAUUSD,H1,CHoCH,5.0000,displacement,268,0.0541,0.0033,0.0508,R15,0.4216,0.0834,0.6095,0.0299,0.0586,0.2178,0.2180,0.1264,-0.0962,0.4444,9,1,2.0000,-0.1639,False,mee
XAUUSD,H1,CHoCH,5.0000,MSS,92,0.0054,-0.0761,0.0815,R15,0.4022,0.1379,0.5913,-0.0435,0.0304,0.2219,0.2180,0.2213,-0.1935,0.7500,4,0,2.0000,-0.2126,False,mee
XAUUSD,H1,CHoCH,5.0000,TF+1 mee,115,-0.1087,0.1087,-0.2174,R15,0.3565,0.1155,-1.8816,-0.0609,-0.1426,0.0760,0.2180,-0.2566,-0.1410,0.8333,6,1,3.0000,-0.1571,False,omgekeerd
XAUUSD,H1,CHoCH,5.0000,met sweep,286,0.0402,-0.0113,0.0515,R15,0.4161,0.0746,0.6897,0.0070,0.0273,-0.0262,0.2180,0.0268,0.0947,0.5556,9,0,2.0000,-0.1778,False,mee
XAUUSD,H1,sweep_swing,5.0000,alle,1037,0.0520,-0.0028,0.0548,R15,0.4204,0.0394,1.3902,0.0068,0.0381,-0.1135,0.2180,-0.0155,0.1641,0.6667,9,0,3.0000,-0.1660,False,mee
XAUUSD,H1,sweep_swing,5.0000,TF+1 mee,306,0.1520,0.1095,0.0425,R15,0.4608,0.0752,0.5650,0.0915,0.0222,-0.0691,0.2180,-0.0917,0.2341,0.6667,9,0,3.0000,-0.0660,False,mee
XAUUSD,H1,sweep_dag,,alle,746,-0.0131,-0.0117,-0.0014,R15,0.3941,0.0459,-0.0301,0.0107,0.0264,-0.2117,0.2180,0.0273,-0.0429,0.5556,9,0,,-0.2287,False,omgekeerd
XAUUSD,H1,sweep_dag,,TF+1 mee,232,0.1099,0.0444,0.0655,R15,0.4440,0.0847,0.7731,0.0603,0.0383,0.0051,0.2180,0.0431,0.0950,0.6667,9,0,,-0.1081,False,mee
XAUUSD,H1,sweep_azie,,alle,1168,0.0295,-0.0193,0.0489,R15,0.4118,0.0353,1.3837,-0.0257,0.0312,-0.0189,0.2180,0.0512,0.0452,0.5556,9,0,,-0.1885,False,mee
XAUUSD,H1,sweep_azie,,TF+1 mee,344,0.1047,0.0255,0.0792,R15,0.4419,0.0721,1.0976,0.0407,0.0364,0.0563,0.2180,0.0817,0.0756,0.6667,9,0,,-0.1133,False,mee
XAUUSD,H1,sweep_week,,alle,147,-0.0136,-0.0068,-0.0068,R15,0.3946,0.1101,-0.0618,-0.0476,-0.0163,-0.0773,0.2180,0.1629,-0.2672,0.5000,8,0,,-0.1704,False,omgekeerd
XAUUSD,H1,sweep_week,,TF+1 mee,26,0.1538,-0.1154,0.2692,R15,0.4615,0.3410,0.7895,-0.0769,0.0308,-0.4411,0.2180,,,,0,0,,-0.0642,False,mee
XAUUSD,H1,FVG_vorming,,alle,7343,-0.0003,-0.0000,-0.0002,R15,0.3997,0.0168,-0.0135,-0.0194,-0.0039,0.0760,0.2180,0.0083,-0.0135,0.3333,9,0,,-0.1986,False,omgekeerd
XAUUSD,H1,FVG_vorming,,TF+1 mee,2380,0.0242,0.0508,-0.0267,R15,0.4097,0.0332,-0.8046,0.0059,-0.0188,0.0957,0.2180,0.0003,-0.0721,0.5556,9,0,,-0.2239,False,omgekeerd
XAUUSD,H1,FVG_retest,,TF+1 mee,1888,0.0233,0.0072,0.0160,R15,0.4089,0.0357,0.4495,-0.0191,-0.0136,0.1491,0.2180,0.0371,-0.0202,0.5556,9,0,,-0.1947,False,mee
XAUUSD,H1,FVG_inverse,,alle,4273,-0.0245,-0.0126,-0.0119,R15,0.3897,0.0189,-0.6290,-0.0363,-0.0079,-0.0254,0.2180,0.0020,-0.0336,0.6667,9,0,,-0.1817,False,omgekeerd
XAUUSD,H4,BOS,1.0000,alle,483,-0.0269,0.0133,-0.0403,R15,0.3892,0.0643,-0.6256,0.0104,0.0091,0.1364,0.1043,-0.0528,-0.0206,0.5556,9,1,2.0000,-0.1146,False,omgekeerd
XAUUSD,H4,BOS,1.0000,displacement,201,-0.0299,0.0470,-0.0768,R15,0.3881,0.0919,-0.8360,0.0149,-0.0204,0.2061,0.1043,-0.0887,-0.0556,0.4444,9,1,2.0000,-0.1192,False,omgekeerd
XAUUSD,H4,BOS,1.0000,TF+1 mee,135,0.0741,-0.0741,0.1481,R15,0.4296,0.1147,1.2913,0.0963,0.1511,0.0826,0.1043,0.2237,0.0508,0.6250,8,1,2.0000,-0.0302,False,mee
XAUUSD,H4,BOS,1.0000,TF+1 en TF+2 mee,35,0.2857,0.0286,0.2571,R15,0.5143,0.2538,1.0133,0.2000,0.1600,0.4768,0.1043,,0.2586,1.0000,1,0,2.0000,0.1814,False,mee
XAUUSD,H4,CHoCH,1.0000,alle,387,-0.0181,-0.0091,-0.0090,R15,0.3928,0.0651,-0.1383,-0.0491,-0.0656,-0.1628,0.1043,-0.0966,0.1622,0.5556,9,1,1.0000,-0.0552,False,omgekeerd
XAUUSD,H4,CHoCH,1.0000,displacement,138,-0.1304,-0.0065,-0.1240,R15,0.3478,0.1073,-1.1556,-0.0870,-0.0971,-0.2025,0.1043,-0.1842,0.0405,0.6000,5,1,3.0000,-0.0173,False,omgekeerd
XAUUSD,H4,CHoCH,1.0000,MSS,24,0.2500,-0.0625,0.3125,R15,0.5000,0.2729,1.1450,0.1667,0.2167,-0.0200,0.1043,,,,0,0,1.0000,0.1457,False,mee
XAUUSD,H4,CHoCH,1.0000,TF+1 mee,118,0.0169,0.0763,-0.0593,R15,0.4068,0.1232,-0.4816,-0.0169,-0.0508,-0.0319,0.1043,-0.1494,0.1098,0.4000,5,1,2.0000,-0.0873,False,omgekeerd
XAUUSD,H4,CHoCH,1.0000,met sweep,325,-0.0154,-0.0016,-0.0138,R15,0.3938,0.0762,-0.1809,-0.0646,-0.0929,-0.1895,0.1043,-0.1002,0.1482,0.4444,9,0,1.0000,-0.0397,False,omgekeerd
XAUUSD,H4,sweep_swing,1.0000,alle,1044,-0.0182,0.0223,-0.0405,R15,0.3927,0.0407,-0.9939,-0.0057,-0.0079,-0.0347,0.1043,-0.0114,-0.0836,0.6667,9,1,3.0000,-0.0985,False,omgekeerd
XAUUSD,H4,sweep_swing,1.0000,TF+1 mee,315,0.0714,0.0429,0.0286,R15,0.4286,0.0845,0.3383,0.0222,0.0063,0.1332,0.1043,0.1047,-0.0887,0.6667,9,0,2.0000,-0.0329,False,mee
XAUUSD,H4,BOS,3.0000,alle,260,0.0288,0.0416,-0.0128,R15,0.4115,0.0856,-0.1494,0.0769,0.0423,0.2475,0.1043,-0.0198,-0.0020,0.4444,9,0,2.0000,-0.1812,False,omgekeerd
XAUUSD,H4,BOS,3.0000,displacement,119,0.0504,0.0815,-0.0311,R15,0.4202,0.1202,-0.2587,0.1092,0.0706,0.3460,0.1043,-0.0429,-0.0143,0.6667,6,0,2.0000,-0.2135,False,omgekeerd
XAUUSD,H4,BOS,3.0000,TF+1 mee,73,0.0616,0.0246,0.0370,R15,0.4247,0.1608,0.2301,0.0959,0.1151,0.5514,0.1043,0.0476,0.0227,0.6667,3,0,2.0000,-0.0427,False,mee
XAUUSD,H4,BOS,3.0000,TF+1 en TF+2 mee,16,-0.0625,-0.0312,-0.0312,R15,0.3750,0.3226,-0.0969,-0.2500,-0.1250,-0.7876,0.1043,,,,0,0,1.0000,0.1457,False,omgekeerd
XAUUSD,H4,CHoCH,3.0000,alle,214,0.0397,-0.0572,0.0970,R15,0.4159,0.0892,1.0866,0.0000,0.0252,0.1176,0.1043,0.0782,0.1265,0.6250,8,1,2.0000,-0.0646,False,mee
XAUUSD,H4,CHoCH,3.0000,displacement,108,-0.1435,-0.0463,-0.0972,R15,0.3426,0.1169,-0.8314,-0.0556,-0.0407,0.0276,0.1043,-0.0682,-0.1429,0.6667,6,1,3.0000,-0.0487,False,omgekeerd
XAUUSD,H4,CHoCH,3.0000,MSS,32,-0.2969,0.0312,-0.3281,R15,0.2812,0.2138,-1.5348,-0.1250,-0.0750,-0.0544,0.1043,-0.3000,,,0,0,2.0000,0.0207,False,omgekeerd
XAUUSD,H4,CHoCH,3.0000,TF+1 mee,65,0.0385,0.1615,-0.1231,R15,0.4154,0.1652,-0.7452,-0.0462,-0.1538,0.0219,0.1043,-0.0595,-0.2391,0.6667,3,0,2.0000,-0.0581,False,omgekeerd
XAUUSD,H4,CHoCH,3.0000,met sweep,163,0.0429,-0.0353,0.0782,R15,0.4172,0.1049,0.7456,0.0061,0.0380,0.2591,0.1043,0.0234,0.1567,0.7500,8,0,2.0000,-0.0613,False,mee
XAUUSD,H4,sweep_swing,3.0000,alle,489,-0.0337,0.0033,-0.0370,R15,0.3865,0.0580,-0.6389,-0.0143,-0.0033,-0.0965,0.1043,-0.0469,-0.0216,0.6667,9,0,3.0000,-0.0900,False,omgekeerd
XAUUSD,H4,sweep_swing,3.0000,TF+1 mee,146,0.0274,-0.1007,0.1281,R15,0.4110,0.1174,1.0910,-0.0137,0.0548,0.0366,0.1043,0.1977,0.0254,0.6250,8,1,2.0000,-0.0769,False,mee
XAUUSD,H4,BOS,5.0000,alle,163,0.0890,-0.0307,0.1196,R15,0.4356,0.1106,1.0816,0.1779,0.2135,0.2205,0.1043,-0.0051,0.3125,0.7500,8,1,1.0000,-0.0153,False,mee
XAUUSD,H4,BOS,5.0000,displacement,90,0.1667,-0.1167,0.2833,R15,0.4667,0.1524,1.8591,0.3111,0.3911,0.1698,0.1043,0.1667,0.4359,0.4000,5,1,1.0000,0.0624,False,mee
XAUUSD,H4,BOS,5.0000,TF+1 mee,46,-0.0761,0.0761,-0.1522,R15,0.3696,0.1757,-0.8662,0.0870,0.0783,0.5730,0.1043,-0.2115,-0.0750,0.0000,1,0,1.0000,-0.1913,False,omgekeerd
XAUUSD,H4,BOS,5.0000,TF+1 en TF+2 mee,7,0.4286,0.2857,0.1429,R15,0.5714,0.4004,0.3568,0.1429,-0.3429,0.6026,0.1043,,,,0,1,2.0000,0.3243,False,mee
XAUUSD,H4,CHoCH,5.0000,alle,132,0.0417,-0.0682,0.1098,R15,0.4167,0.1124,0.9772,-0.0152,0.0727,-0.0321,0.1043,0.0769,0.1574,0.5714,7,1,2.0000,-0.0626,False,mee
XAUUSD,H4,CHoCH,5.0000,displacement,69,-0.0217,-0.0145,-0.0072,R15,0.3913,0.1615,-0.0449,-0.0725,-0.0000,-0.0758,0.1043,0.0875,-0.1379,0.5000,2,0,3.0000,-0.0318,False,omgekeerd
XAUUSD,H4,CHoCH,5.0000,MSS,23,-0.1304,0.0652,-0.1957,R15,0.3478,0.2961,-0.6608,-0.2174,-0.1391,0.2923,0.1043,,,,0,1,2.0000,0.1131,False,omgekeerd
XAUUSD,H4,CHoCH,5.0000,TF+1 mee,36,0.1111,0.0000,0.1111,R15,0.4444,0.1955,0.5682,0.0556,0.1444,0.1505,0.1043,-0.1364,,,0,1,1.0000,0.0068,False,mee
XAUUSD,H4,CHoCH,5.0000,met sweep,83,0.0542,-0.0361,0.0904,R15,0.4217,0.1497,0.6037,-0.0361,0.0145,0.1065,0.1043,0.0714,0.1176,0.5000,2,0,2.0000,-0.0501,False,mee
XAUUSD,H4,sweep_swing,5.0000,alle,289,-0.1090,-0.0519,-0.0571,R15,0.3564,0.0764,-0.7469,-0.0450,0.0042,-0.1749,0.1043,-0.0753,-0.0266,0.5556,9,1,3.0000,-0.0593,False,omgekeerd
XAUUSD,H4,sweep_swing,5.0000,TF+1 mee,88,-0.1477,0.0852,-0.2330,R15,0.3409,0.1274,-1.8281,-0.1818,-0.2409,-0.1661,0.1043,-0.1017,-0.5000,0.7500,4,0,1.0000,0.0775,False,omgekeerd
XAUUSD,H4,sweep_week,,alle,144,-0.1146,-0.0347,-0.0799,R15,0.3542,0.1088,-0.7341,-0.1250,-0.1278,-0.4611,0.1043,-0.0966,-0.0536,0.5000,8,0,,0.0207,False,omgekeerd
XAUUSD,H4,sweep_week,,TF+1 mee,53,-0.0566,-0.0283,-0.0283,R15,0.3774,0.1870,-0.1514,-0.1321,-0.0830,-0.2569,0.1043,0.0781,-0.1905,0.0000,1,0,,0.0278,False,omgekeerd
XAUUSD,H4,FVG_vorming,,alle,2112,0.0180,-0.0209,0.0389,R15,0.4072,0.0314,1.2400,0.0066,0.0328,0.1020,0.1043,0.0202,0.0685,0.6667,9,0,,-0.0863,False,mee
XAUUSD,H4,FVG_vorming,,TF+1 mee,638,0.0541,-0.0011,0.0551,R15,0.4216,0.0632,0.8719,0.0000,0.0219,0.2775,0.1043,0.0032,0.1293,0.5556,9,0,,-0.0502,False,mee
XAUUSD,H4,FVG_retest,,TF+1 mee,503,0.0239,0.0199,0.0040,R15,0.4095,0.0712,0.0558,-0.0099,-0.0032,0.1222,0.1043,-0.0410,0.0667,0.4444,9,0,,-0.0804,False,mee
XAUUSD,H4,FVG_inverse,,alle,1212,-0.0956,-0.0371,-0.0585,R15,0.3614,0.0395,-1.4825,-0.0561,-0.0183,-0.0282,0.1043,-0.0688,-0.0412,0.8889,9,0,,-0.0482,False,omgekeerd
EURUSD,M15,BOS,1.0000,alle,13513,-0.0973,-0.0081,-0.0892,R15,0.3565,0.0118,-7.5673,-0.0859,-0.0777,-0.0985,0.2173,-0.0890,-0.0899,1.0000,15,3,3.0000,-0.1314,False,omgekeerd
EURUSD,M15,BOS,1.0000,displacement,5582,-0.0885,-0.0019,-0.0866,R15,0.3624,0.0183,-4.7397,-0.0850,-0.0796,-0.0758,0.2173,-0.0780,-0.1224,0.8667,15,2,3.0000,-0.1323,False,omgekeerd
EURUSD,M15,BOS,1.0000,TF+1 mee,3620,-0.1056,-0.0069,-0.0987,R15,0.3533,0.0216,-4.5754,-0.0959,-0.0829,-0.1988,0.2173,-0.1008,-0.0911,0.9333,15,2,3.0000,-0.1213,False,omgekeerd
EURUSD,M15,BOS,1.0000,TF+1 en TF+2 mee,1153,-0.1459,-0.0015,-0.1445,R15,0.3374,0.0399,-3.6229,-0.1601,-0.1466,-0.1370,0.2173,-0.1579,-0.1002,0.8000,15,2,3.0000,-0.0572,False,omgekeerd
EURUSD,M15,CHoCH,1.0000,alle,13090,-0.0572,-0.0088,-0.0483,R15,0.3729,0.0114,-4.2321,-0.0528,-0.0402,-0.0736,0.2173,-0.0460,-0.0576,0.8000,15,3,3.0000,-0.1644,False,omgekeerd
EURUSD,M15,CHoCH,1.0000,displacement,4840,-0.0289,0.0056,-0.0345,R15,0.3868,0.0187,-1.8505,-0.0394,-0.0356,-0.0629,0.2173,-0.0377,-0.0215,0.6000,15,3,3.0000,-0.1779,False,omgekeerd
EURUSD,M15,CHoCH,1.0000,MSS,921,-0.0175,0.0033,-0.0208,R15,0.3909,0.0433,-0.4803,-0.0300,-0.0261,-0.0933,0.2173,-0.0196,-0.0264,0.5333,15,2,2.0000,-0.1873,False,omgekeerd
EURUSD,M15,CHoCH,1.0000,TF+1 mee,3812,-0.0627,-0.0152,-0.0476,R15,0.3715,0.0211,-2.2577,-0.0607,-0.0368,-0.1252,0.2173,-0.0315,-0.1133,0.6667,15,3,3.0000,-0.1566,False,omgekeerd
EURUSD,M15,CHoCH,1.0000,met sweep,11193,-0.0520,-0.0098,-0.0421,R15,0.3753,0.0127,-3.3118,-0.0489,-0.0339,-0.0720,0.2173,-0.0405,-0.0488,0.8000,15,2,3.0000,-0.1684,False,omgekeerd
EURUSD,M15,sweep_swing,1.0000,alle,32233,-0.0030,-0.0085,0.0055,R15,0.3932,0.0073,0.7549,-0.0056,0.0056,0.0301,0.2173,0.0086,-0.0066,0.5333,15,1,2.0000,-0.2203,False,mee
EURUSD,M15,sweep_swing,1.0000,TF+1 mee,9516,-0.0031,-0.0173,0.0142,R15,0.3938,0.0147,0.9634,-0.0122,0.0079,-0.0140,0.2173,0.0108,0.0281,0.5333,15,0,3.0000,-0.2204,False,mee
EURUSD,M15,BOS,3.0000,alle,6413,-0.0706,-0.0041,-0.0666,R15,0.3691,0.0160,-4.1698,-0.0759,-0.0656,-0.1252,0.2173,-0.0745,-0.0374,0.8667,15,2,3.0000,-0.1414,False,omgekeerd
EURUSD,M15,BOS,3.0000,displacement,3320,-0.0537,0.0046,-0.0584,R15,0.3765,0.0228,-2.5567,-0.0635,-0.0549,-0.1304,0.2173,-0.0546,-0.0733,0.7333,15,1,3.0000,-0.1537,False,omgekeerd
EURUSD,M15,BOS,3.0000,TF+1 mee,1785,-0.0966,0.0164,-0.1130,R15,0.3602,0.0323,-3.5040,-0.0799,-0.0819,-0.1891,0.2173,-0.1512,0.0192,0.8000,15,2,3.0000,-0.1374,False,omgekeerd
EURUSD,M15,BOS,3.0000,TF+1 en TF+2 mee,583,-0.1023,-0.0311,-0.0712,R15,0.3585,0.0509,-1.3975,-0.1143,-0.0802,-0.2002,0.2173,-0.0594,-0.1083,0.6000,15,2,3.0000,-0.1030,False,omgekeerd
EURUSD,M15,CHoCH,3.0000,alle,6120,-0.0522,0.0041,-0.0563,R15,0.3757,0.0167,-3.3718,-0.0526,-0.0481,-0.0310,0.2173,-0.0454,-0.0976,0.8667,15,3,3.0000,-0.1646,False,omgekeerd
EURUSD,M15,CHoCH,3.0000,displacement,2913,-0.0054,0.0015,-0.0069,R15,0.3958,0.0240,-0.2874,-0.0256,-0.0141,0.0151,0.2173,0.0041,-0.0523,0.6000,15,2,3.0000,-0.1917,False,omgekeerd
EURUSD,M15,CHoCH,3.0000,MSS,949,-0.0405,0.0002,-0.0408,R15,0.3815,0.0434,-0.9400,-0.0478,-0.0258,-0.0199,0.2173,-0.0214,-0.1202,0.5333,15,2,2.0000,-0.1695,False,omgekeerd
EURUSD,M15,CHoCH,3.0000,TF+1 mee,1753,-0.0310,-0.0094,-0.0216,R15,0.3828,0.0321,-0.6738,-0.0500,-0.0257,-0.0622,0.2173,0.0130,-0.1584,0.5333,15,2,3.0000,-0.1672,False,omgekeerd
EURUSD,M15,CHoCH,3.0000,met sweep,4469,-0.0459,0.0041,-0.0499,R15,0.3788,0.0194,-2.5765,-0.0448,-0.0374,-0.0523,0.2173,-0.0345,-0.1080,0.7333,15,3,3.0000,-0.1724,False,omgekeerd
EURUSD,M15,sweep_swing,3.0000,alle,13525,-0.0064,-0.0114,0.0049,R15,0.3928,0.0112,0.4397,-0.0122,0.0028,0.0454,0.2173,0.0127,-0.0252,0.5333,15,0,2.0000,-0.2237,False,mee
EURUSD,M15,sweep_swing,3.0000,TF+1 mee,3971,0.0002,-0.0190,0.0192,R15,0.3956,0.0214,0.8961,-0.0170,0.0117,0.0558,0.2173,0.0121,0.0473,0.4667,15,0,3.0000,-0.2171,False,mee
EURUSD,M15,BOS,5.0000,alle,4140,-0.0736,-0.0093,-0.0643,R15,0.3674,0.0203,-3.1738,-0.0864,-0.0714,-0.1313,0.2173,-0.0683,-0.0487,0.8000,15,3,3.0000,-0.1308,False,omgekeerd
EURUSD,M15,BOS,5.0000,displacement,2354,-0.0530,-0.0177,-0.0353,R15,0.3764,0.0269,-1.3143,-0.0748,-0.0480,-0.1536,0.2173,-0.0407,-0.0119,0.6667,15,1,3.0000,-0.1425,False,omgekeerd
EURUSD,M15,BOS,5.0000,TF+1 mee,1374,-0.0938,-0.0215,-0.0724,R15,0.3603,0.0365,-1.9848,-0.0956,-0.0728,-0.2463,0.2173,-0.0715,-0.0754,0.8667,15,0,3.0000,-0.1217,False,omgekeerd
EURUSD,M15,BOS,5.0000,TF+1 en TF+2 mee,461,-0.0740,0.0052,-0.0791,R15,0.3688,0.0582,-1.3608,-0.1236,-0.1288,-0.2054,0.2173,-0.0608,-0.1414,0.7333,15,1,3.0000,-0.0936,False,omgekeerd
EURUSD,M15,CHoCH,5.0000,alle,4270,-0.0657,-0.0100,-0.0557,R15,0.3707,0.0210,-2.6583,-0.0532,-0.0359,-0.0475,0.2173,-0.0399,-0.1156,0.6667,15,2,3.0000,-0.1641,False,omgekeerd
EURUSD,M15,CHoCH,5.0000,displacement,2224,-0.0766,-0.0076,-0.0690,R15,0.3674,0.0289,-2.3899,-0.0597,-0.0455,0.0048,0.2173,-0.0617,-0.0974,0.8000,15,1,3.0000,-0.1576,False,omgekeerd
EURUSD,M15,CHoCH,5.0000,MSS,808,-0.0098,-0.0130,0.0031,R15,0.3948,0.0474,0.0656,-0.0191,-0.0052,0.1698,0.2173,0.0063,-0.0088,0.5333,15,0,1.0000,-0.2271,False,mee
EURUSD,M15,CHoCH,5.0000,TF+1 mee,1000,-0.0463,-0.0201,-0.0262,R15,0.3770,0.0416,-0.6302,-0.0498,-0.0273,-0.0805,0.2173,0.0059,-0.1515,0.6667,15,3,3.0000,-0.1674,False,omgekeerd
EURUSD,M15,CHoCH,5.0000,met sweep,2496,-0.0841,-0.0115,-0.0725,R15,0.3634,0.0273,-2.6578,-0.0646,-0.0465,-0.0471,0.2173,-0.0556,-0.1374,0.6667,15,2,3.0000,-0.1526,False,omgekeerd
EURUSD,M15,sweep_swing,5.0000,alle,8013,-0.0127,-0.0037,-0.0090,R15,0.3911,0.0155,-0.5790,-0.0144,-0.0044,0.0255,0.2173,0.0005,-0.0471,0.7333,15,1,1.0000,-0.2029,False,omgekeerd
EURUSD,M15,sweep_swing,5.0000,TF+1 mee,2403,0.0092,-0.0004,0.0096,R15,0.4007,0.0277,0.3458,-0.0040,0.0073,0.0572,0.2173,0.0015,0.0442,0.5333,15,2,3.0000,-0.2081,False,mee
EURUSD,M15,sweep_dag,,alle,1420,0.0036,-0.0033,0.0069,R15,0.4000,0.0364,0.1887,-0.0197,-0.0138,0.0339,0.2173,0.0358,-0.0968,0.5333,15,0,,-0.2136,False,mee
EURUSD,M15,sweep_dag,,TF+1 mee,312,-0.0785,-0.0625,-0.0160,R15,0.3686,0.0792,-0.2021,-0.1154,-0.0788,-0.3418,0.2173,0.0262,-0.1703,0.6429,14,0,,-0.1019,False,omgekeerd
EURUSD,M15,sweep_azie,,alle,2189,0.0164,0.0034,0.0130,R15,0.4057,0.0284,0.4562,-0.0232,-0.0103,0.1590,0.2173,-0.0017,0.0681,0.5333,15,0,,-0.2009,False,mee
EURUSD,M15,sweep_azie,,TF+1 mee,671,0.0278,-0.0311,0.0589,R15,0.4098,0.0541,1.0891,-0.0310,0.0246,0.0175,0.2173,0.0190,0.2089,0.5333,15,0,,-0.1894,False,mee
EURUSD,M15,FVG_vorming,,alle,62706,-0.0451,-0.0132,-0.0319,R15,0.3761,0.0058,-5.5217,-0.0431,-0.0278,-0.0397,0.2173,-0.0297,-0.0398,1.0000,15,0,,-0.1742,False,omgekeerd
EURUSD,M15,FVG_vorming,,TF+1 mee,17878,-0.0427,-0.0136,-0.0291,R15,0.3773,0.0116,-2.5125,-0.0429,-0.0296,-0.0681,0.2173,-0.0246,-0.0455,0.6667,15,0,,-0.1743,False,omgekeerd
EURUSD,M15,FVG_retest,,TF+1 mee,14427,-0.0409,-0.0133,-0.0276,R15,0.3779,0.0122,-2.2579,-0.0557,-0.0401,-0.0314,0.2173,-0.0336,-0.0060,0.6667,15,0,,-0.1615,False,omgekeerd
EURUSD,M15,FVG_inverse,,alle,37477,-0.0646,-0.0108,-0.0538,R15,0.3694,0.0071,-7.5915,-0.0631,-0.0517,-0.0594,0.2173,-0.0517,-0.0614,1.0000,15,0,,-0.1542,False,omgekeerd
EURUSD,H1,BOS,1.0000,alle,3312,-0.0955,-0.0095,-0.0860,R15,0.3617,0.0235,-3.6570,-0.0918,-0.0798,-0.1347,0.1009,-0.1169,0.0315,0.7333,15,1,2.0000,-0.0091,False,omgekeerd
EURUSD,H1,BOS,1.0000,displacement,1458,-0.0809,-0.0283,-0.0526,R15,0.3676,0.0350,-1.5028,-0.0754,-0.0556,-0.0433,0.1009,-0.0703,0.0200,0.6667,15,0,3.0000,-0.0255,False,omgekeerd
EURUSD,H1,BOS,1.0000,TF+1 mee,1054,-0.0726,-0.0446,-0.0280,R15,0.3710,0.0389,-0.7202,-0.0797,-0.0235,-0.1195,0.1009,-0.0616,0.0897,0.4000,15,2,3.0000,-0.0212,False,omgekeerd
EURUSD,H1,BOS,1.0000,TF+1 en TF+2 mee,274,-0.0511,-0.0420,-0.0091,R15,0.3796,0.0763,-0.1197,-0.0365,0.0058,-0.1315,0.1009,-0.0161,0.0179,0.5833,12,0,1.0000,-0.0644,False,omgekeerd
EURUSD,H1,CHoCH,1.0000,alle,3297,-0.0196,-0.0155,-0.0041,R15,0.3922,0.0224,-0.1813,-0.0373,-0.0106,0.0044,0.1009,0.0005,-0.0213,0.5333,15,3,2.0000,-0.0636,False,omgekeerd
EURUSD,H1,CHoCH,1.0000,displacement,1436,0.0167,-0.0205,0.0372,R15,0.4067,0.0355,1.0470,-0.0237,0.0117,0.0163,0.1009,0.0500,-0.0161,0.5333,15,1,2.0000,-0.0842,False,mee
EURUSD,H1,CHoCH,1.0000,MSS,254,0.0630,-0.0066,0.0696,R15,0.4252,0.0826,0.8418,-0.0157,0.0079,0.0704,0.1009,0.1783,-0.2279,0.4000,15,1,2.0000,-0.0379,False,mee
EURUSD,H1,CHoCH,1.0000,TF+1 mee,1076,-0.0939,0.0048,-0.0987,R15,0.3625,0.0399,-2.4713,-0.0781,-0.0743,-0.0862,0.1009,-0.1021,-0.0865,0.7333,15,1,1.0000,-0.0228,False,omgekeerd
EURUSD,H1,CHoCH,1.0000,met sweep,2814,-0.0254,-0.0160,-0.0094,R15,0.3898,0.0246,-0.3810,-0.0398,-0.0094,0.0206,0.1009,-0.0158,0.0149,0.5333,15,3,1.0000,-0.0611,False,omgekeerd
EURUSD,H1,sweep_swing,1.0000,alle,8493,-0.0154,-0.0222,0.0068,R15,0.3939,0.0136,0.5004,-0.0312,-0.0052,0.0080,0.1009,0.0030,0.0213,0.6000,15,0,3.0000,-0.1163,False,mee
EURUSD,H1,sweep_swing,1.0000,TF+1 mee,2743,-0.0339,-0.0216,-0.0123,R15,0.3864,0.0262,-0.4700,-0.0390,-0.0098,-0.0423,0.1009,-0.0105,-0.0195,0.5333,15,2,2.0000,-0.0619,False,omgekeerd
EURUSD,H1,BOS,3.0000,alle,1605,-0.0763,-0.0197,-0.0566,R15,0.3695,0.0335,-1.6928,-0.0741,-0.0454,-0.2266,0.1009,-0.0544,-0.0653,0.6667,15,0,2.0000,-0.0268,False,omgekeerd
EURUSD,H1,BOS,3.0000,displacement,940,-0.0612,-0.0180,-0.0431,R15,0.3755,0.0432,-0.9984,-0.0681,-0.0285,-0.2789,0.1009,-0.0319,-0.0921,0.6000,15,1,3.0000,-0.0328,False,omgekeerd
EURUSD,H1,BOS,3.0000,TF+1 mee,507,-0.0730,-0.0503,-0.0227,R15,0.3708,0.0608,-0.3728,-0.0848,-0.0387,-0.1064,0.1009,-0.0398,0.0429,0.5333,15,0,3.0000,-0.0161,False,omgekeerd
EURUSD,H1,BOS,3.0000,TF+1 en TF+2 mee,111,0.0811,-0.1053,0.1864,R15,0.4324,0.1288,1.4478,-0.0631,0.0505,0.0389,0.1009,0.2249,,0.7143,7,1,2.0000,-0.0198,False,mee
EURUSD,H1,CHoCH,3.0000,alle,1585,0.0047,-0.0427,0.0474,R15,0.4019,0.0328,1.4438,-0.0044,0.0472,-0.0330,0.1009,0.0747,-0.0586,0.5333,15,0,1.0000,-0.0962,False,mee
EURUSD,H1,CHoCH,3.0000,displacement,854,0.0070,-0.0511,0.0582,R15,0.4028,0.0453,1.2837,-0.0117,0.0512,-0.0016,0.1009,0.0898,-0.0665,0.4667,15,1,2.0000,-0.0939,False,mee
EURUSD,H1,CHoCH,3.0000,MSS,233,0.0300,-0.0374,0.0675,R15,0.4120,0.0867,0.7777,-0.0472,0.0155,-0.1437,0.1009,0.1538,-0.2054,0.5333,15,2,2.0000,-0.0709,False,mee
EURUSD,H1,CHoCH,3.0000,TF+1 mee,463,-0.0119,-0.0511,0.0393,R15,0.3952,0.0617,0.6361,-0.0108,0.0363,-0.0436,0.1009,0.0247,0.0989,0.6667,15,0,2.0000,-0.1128,False,mee
EURUSD,H1,CHoCH,3.0000,met sweep,1106,0.0398,-0.0354,0.0752,R15,0.4159,0.0406,1.8526,0.0108,0.0608,-0.0261,0.1009,0.1066,-0.0528,0.6000,15,0,2.0000,-0.0611,False,mee
EURUSD,H1,sweep_swing,3.0000,alle,3559,0.0003,-0.0208,0.0211,R15,0.4001,0.0228,0.9234,-0.0334,-0.0053,0.0212,0.1009,0.0203,0.0239,0.6000,15,1,3.0000,-0.1006,False,mee
EURUSD,H1,sweep_swing,3.0000,TF+1 mee,1126,-0.0275,-0.0091,-0.0185,R15,0.3890,0.0414,-0.4457,-0.0533,-0.0451,-0.0271,0.1009,-0.0099,-0.0513,0.4667,15,2,2.0000,-0.0476,False,omgekeerd
EURUSD,H1,BOS,5.0000,alle,1141,-0.0294,-0.0397,0.0104,R15,0.3883,0.0394,0.2637,-0.0482,-0.0074,-0.1371,0.1009,0.0397,-0.0936,0.5333,15,1,1.0000,-0.1303,False,mee
EURUSD,H1,BOS,5.0000,displacement,722,-0.0339,-0.0208,-0.0132,R15,0.3864,0.0510,-0.2582,-0.0637,-0.0360,-0.2525,0.1009,0.0315,-0.1821,0.6000,15,0,3.0000,-0.0372,False,omgekeerd
EURUSD,H1,BOS,5.0000,TF+1 mee,451,-0.0521,-0.0346,-0.0175,R15,0.3792,0.0638,-0.2749,-0.0820,-0.0337,-0.1083,0.1009,0.0017,-0.0850,0.4667,15,0,3.0000,-0.0189,False,omgekeerd
EURUSD,H1,BOS,5.0000,TF+1 en TF+2 mee,121,0.1157,-0.0455,0.1612,R15,0.4463,0.1225,1.3156,0.0248,0.0860,-0.2488,0.1009,0.2653,-0.2826,0.6667,6,1,2.0000,0.0148,False,mee
EURUSD,H1,CHoCH,5.0000,alle,1049,-0.0515,-0.0095,-0.0419,R15,0.3794,0.0415,-1.0105,-0.0810,-0.0496,-0.1224,0.1009,-0.0382,-0.0581,0.6667,15,1,2.0000,-0.0199,False,omgekeerd
EURUSD,H1,CHoCH,5.0000,displacement,633,-0.0521,0.0024,-0.0545,R15,0.3791,0.0539,-1.0106,-0.0964,-0.0619,-0.1687,0.1009,-0.0496,-0.0756,0.6000,15,0,1.0000,-0.0045,False,omgekeerd
EURUSD,H1,CHoCH,5.0000,MSS,204,-0.0196,-0.0025,-0.0172,R15,0.3922,0.0978,-0.1755,-0.0980,-0.0529,-0.5523,0.1009,0.0032,-0.0816,0.3571,14,0,1.0000,-0.0029,False,omgekeerd
EURUSD,H1,CHoCH,5.0000,TF+1 mee,242,-0.0393,-0.0455,0.0062,R15,0.3843,0.0851,0.0728,-0.0661,-0.0198,-0.0168,0.1009,0.0373,-0.1463,0.3636,11,1,2.0000,-0.1402,False,mee
EURUSD,H1,CHoCH,5.0000,met sweep,540,0.0231,-0.0065,0.0296,R15,0.4093,0.0596,0.4972,-0.0333,-0.0059,-0.0966,0.1009,0.0324,0.0185,0.7333,15,0,2.0000,-0.0778,False,mee
EURUSD,H1,sweep_swing,5.0000,alle,2108,-0.0026,-0.0141,0.0115,R15,0.3990,0.0294,0.3910,-0.0209,0.0103,-0.0329,0.1009,-0.0063,0.0788,0.5333,15,1,3.0000,-0.1035,False,mee
EURUSD,H1,sweep_swing,5.0000,TF+1 mee,652,-0.0031,-0.0097,0.0067,R15,0.3988,0.0516,0.1294,-0.0031,0.0233,-0.0299,0.1009,0.0288,-0.0766,0.5333,15,0,1.0000,-0.1040,False,mee
EURUSD,H1,sweep_dag,,alle,1512,0.0152,-0.0149,0.0301,R15,0.4061,0.0352,0.8541,0.0172,0.0413,-0.0126,0.1009,0.0282,0.0364,0.5333,15,0,,-0.0857,False,mee
EURUSD,H1,sweep_dag,,TF+1 mee,463,-0.0713,-0.0216,-0.0497,R15,0.3715,0.0624,-0.7956,-0.0022,0.0104,-0.1354,0.1009,-0.0381,-0.0872,0.6667,15,0,,-0.0987,False,omgekeerd
EURUSD,H1,sweep_azie,,alle,2293,0.0183,-0.0150,0.0334,R15,0.4073,0.0281,1.1889,-0.0266,0.0165,-0.1144,0.1009,0.0403,0.0070,0.6667,15,0,,-0.0826,False,mee
EURUSD,H1,sweep_azie,,TF+1 mee,751,-0.0579,-0.0051,-0.0528,R15,0.3768,0.0493,-1.0716,-0.0866,-0.0426,-0.2584,0.1009,-0.0269,-0.1420,0.6000,15,0,,-0.0143,False,omgekeerd
EURUSD,H1,sweep_week,,alle,288,-0.0017,-0.0168,0.0150,R15,0.3993,0.0772,0.1946,0.0069,0.0250,0.1450,0.1009,0.0443,-0.1091,0.5000,14,0,,-0.1026,False,mee
EURUSD,H1,sweep_week,,TF+1 mee,56,-0.1071,-0.0982,-0.0089,R15,0.3571,0.1609,-0.0555,-0.1786,-0.1143,-0.0677,0.1009,0.0106,,,0,0,,0.0777,False,omgekeerd
EURUSD,H1,FVG_vorming,,alle,14792,-0.0149,-0.0211,0.0062,R15,0.3938,0.0125,0.4972,-0.0197,0.0047,-0.0267,0.1009,0.0050,0.0111,0.6000,15,0,,-0.1158,False,mee
EURUSD,H1,FVG_vorming,,TF+1 mee,4691,-0.0167,-0.0193,0.0026,R15,0.3929,0.0236,0.1083,-0.0215,-0.0036,-0.0435,0.1009,-0.0223,0.0909,0.4667,15,0,,-0.1176,False,mee
EURUSD,H1,FVG_retest,,TF+1 mee,3701,-0.0238,-0.0253,0.0014,R15,0.3902,0.0226,0.0642,-0.0452,-0.0283,-0.0915,0.1009,-0.0035,0.0196,0.5333,15,0,,-0.1247,False,mee
EURUSD,H1,FVG_inverse,,alle,8547,-0.0506,-0.0248,-0.0259,R15,0.3797,0.0148,-1.7453,-0.0504,-0.0170,-0.0346,0.1009,-0.0218,-0.0416,0.6000,15,0,,-0.0505,False,omgekeerd
EURUSD,H4,BOS,1.0000,alle,919,-0.0914,0.0102,-0.1016,R15,0.3634,0.0452,-2.2464,-0.0664,-0.0490,-0.1549,0.0480,-0.1236,-0.0215,0.6667,15,0,3.0000,0.0183,False,omgekeerd
EURUSD,H4,BOS,1.0000,displacement,386,-0.0479,-0.0182,-0.0297,R15,0.3808,0.0639,-0.4655,-0.0518,-0.0192,-0.0865,0.0480,-0.0439,0.0253,0.5000,14,1,3.0000,0.0038,False,omgekeerd
EURUSD,H4,BOS,1.0000,TF+1 mee,276,-0.0217,-0.0290,0.0072,R15,0.3913,0.0838,0.0864,-0.0290,-0.0391,-0.1689,0.0480,-0.0023,0.0431,0.4286,14,2,3.0000,-0.0698,False,mee
EURUSD,H4,BOS,1.0000,TF+1 en TF+2 mee,92,0.0326,0.0000,0.0326,R15,0.4130,0.1299,0.2510,-0.0435,-0.0565,-0.1181,0.0480,0.0705,,0.4000,5,1,1.0000,-0.0154,False,mee
EURUSD,H4,CHoCH,1.0000,alle,832,-0.0655,-0.0096,-0.0559,R15,0.3738,0.0459,-1.2183,-0.0841,-0.0569,-0.2019,0.0480,-0.0523,-0.0726,0.5333,15,0,2.0000,0.0361,False,omgekeerd
EURUSD,H4,CHoCH,1.0000,displacement,351,0.0185,0.0082,0.0103,R15,0.4074,0.0777,0.1332,0.0427,0.0761,-0.1042,0.0480,0.0335,-0.0809,0.4000,15,0,3.0000,-0.0295,False,mee
EURUSD,H4,CHoCH,1.0000,MSS,66,-0.1667,0.0833,-0.2500,R15,0.3333,0.1626,-1.5378,0.0000,-0.0303,-0.0863,0.0480,-0.3426,,,0,1,2.0000,-0.0480,False,omgekeerd
EURUSD,H4,CHoCH,1.0000,TF+1 mee,243,-0.1358,-0.0679,-0.0679,R15,0.3457,0.0773,-0.8779,-0.1523,-0.0889,-0.2785,0.0480,-0.0075,-0.3488,0.6154,13,1,2.0000,0.1042,False,omgekeerd
EURUSD,H4,CHoCH,1.0000,met sweep,715,-0.0245,0.0010,-0.0255,R15,0.3902,0.0510,-0.5002,-0.0601,-0.0393,-0.1782,0.0480,-0.0214,-0.0438,0.5333,15,0,1.0000,0.0121,False,omgekeerd
EURUSD,H4,sweep_swing,1.0000,alle,2125,-0.0094,-0.0265,0.0171,R15,0.3962,0.0286,0.5971,-0.0259,0.0041,0.0629,0.0480,0.0210,0.0022,0.5333,15,1,2.0000,-0.0574,False,mee
EURUSD,H4,sweep_swing,1.0000,TF+1 mee,645,-0.0465,-0.0310,-0.0155,R15,0.3814,0.0539,-0.2875,-0.0512,-0.0384,-0.0439,0.0480,-0.0340,0.0690,0.6667,15,1,3.0000,0.0031,False,omgekeerd
EURUSD,H4,BOS,3.0000,alle,539,-0.0353,-0.0070,-0.0283,R15,0.3859,0.0606,-0.4672,-0.0204,0.0067,-0.0747,0.0480,-0.0700,0.1272,0.4667,15,0,3.0000,-0.0276,False,omgekeerd
EURUSD,H4,BOS,3.0000,displacement,280,-0.0357,-0.0250,-0.0107,R15,0.3857,0.0804,-0.1332,-0.0143,0.0214,-0.0720,0.0480,-0.0686,0.2315,0.3571,14,0,3.0000,-0.0337,False,omgekeerd
EURUSD,H4,BOS,3.0000,TF+1 mee,154,-0.0260,-0.0292,0.0032,R15,0.3896,0.1073,0.0303,-0.0909,-0.0649,-0.1651,0.0480,-0.0276,0.1481,0.5000,8,0,3.0000,-0.0740,False,mee
EURUSD,H4,BOS,3.0000,TF+1 en TF+2 mee,61,-0.0574,0.0082,-0.0656,R15,0.3770,0.1640,-0.3999,-0.1148,-0.1246,0.0325,0.0480,0.0648,,1.0000,2,0,2.0000,0.0667,False,omgekeerd
EURUSD,H4,CHoCH,3.0000,alle,472,0.0858,-0.0069,0.0927,R15,0.4343,0.0619,1.4983,0.0847,0.1053,0.1155,0.0480,0.1130,0.0029,0.6000,15,1,1.0000,0.0378,False,mee
EURUSD,H4,CHoCH,3.0000,displacement,248,0.1492,-0.0020,0.1512,R15,0.4597,0.0842,1.7950,0.1210,0.1335,0.0789,0.0480,0.2005,-0.0652,0.8333,12,0,3.0000,0.1012,False,mee
EURUSD,H4,CHoCH,3.0000,MSS,68,0.1397,-0.0331,0.1728,R15,0.4559,0.1671,1.0340,0.1471,0.1779,-0.0403,0.0480,0.1682,,,0,0,1.0000,0.0917,False,mee
EURUSD,H4,CHoCH,3.0000,TF+1 mee,161,0.1180,-0.1149,0.2329,R15,0.4472,0.1058,2.2014,0.0807,0.1714,0.0528,0.0480,0.3254,-0.1000,0.7000,10,1,1.0000,0.0700,False,mee
EURUSD,H4,CHoCH,3.0000,met sweep,351,0.0470,-0.0082,0.0552,R15,0.4188,0.0718,0.7693,0.0655,0.0866,0.0174,0.0480,0.1007,-0.1528,0.4667,15,0,2.0000,-0.0010,False,mee
EURUSD,H4,sweep_swing,3.0000,alle,960,-0.0130,-0.0236,0.0105,R15,0.3948,0.0425,0.2481,-0.0208,0.0121,0.0248,0.0480,0.0284,-0.0578,0.3333,15,0,2.0000,-0.0610,False,mee
EURUSD,H4,sweep_swing,3.0000,TF+1 mee,298,-0.0436,-0.0369,-0.0067,R15,0.3826,0.0809,-0.0830,-0.0403,0.0027,0.0465,0.0480,-0.0803,0.3673,0.5385,13,0,3.0000,-0.0078,False,omgekeerd
EURUSD,H4,BOS,5.0000,alle,336,-0.0402,0.0372,-0.0774,R15,0.3839,0.0713,-1.0853,-0.0298,-0.0548,-0.0647,0.0480,-0.1648,0.2803,0.4667,15,1,3.0000,-0.0183,False,omgekeerd
EURUSD,H4,BOS,5.0000,displacement,175,0.0286,0.0943,-0.0657,R15,0.4114,0.1026,-0.6405,0.0400,-0.0251,-0.1167,0.0480,-0.1866,0.4545,0.6000,10,1,3.0000,-0.0880,False,omgekeerd
EURUSD,H4,BOS,5.0000,TF+1 mee,84,0.1012,-0.0833,0.1845,R15,0.4405,0.1500,1.2300,0.0000,0.0619,0.1337,0.0480,0.1486,,0.5000,2,2,3.0000,0.0532,False,mee
EURUSD,H4,BOS,5.0000,TF+1 en TF+2 mee,26,-0.1346,0.0577,-0.1923,R15,0.3462,0.2602,-0.7392,-0.2308,-0.1846,0.3694,0.0480,-0.1458,,,0,0,2.0000,0.1827,False,omgekeerd
EURUSD,H4,CHoCH,5.0000,alle,285,0.0263,0.0754,-0.0491,R15,0.4105,0.0846,-0.5806,0.1158,0.0533,0.1724,0.0480,-0.0129,-0.2075,0.6429,14,1,2.0000,-0.1638,False,omgekeerd
EURUSD,H4,CHoCH,5.0000,displacement,157,0.0987,0.0318,0.0669,R15,0.4395,0.1143,0.5849,0.1720,0.1248,0.2127,0.0480,0.1654,-0.4074,0.3750,8,0,3.0000,0.0507,False,mee
EURUSD,H4,CHoCH,5.0000,MSS,42,0.0119,0.0238,-0.0119,R15,0.4048,0.2159,-0.0551,0.0952,0.0762,0.2719,0.0480,0.2273,,,0,1,2.0000,-0.1433,False,omgekeerd
EURUSD,H4,CHoCH,5.0000,TF+1 mee,89,-0.0449,0.0169,-0.0618,R15,0.3820,0.1312,-0.4709,0.0562,0.0539,0.2454,0.0480,0.0224,-0.3182,,0,0,2.0000,-0.1042,False,omgekeerd
EURUSD,H4,CHoCH,5.0000,met sweep,175,0.0857,0.0486,0.0371,R15,0.4343,0.1094,0.3394,0.1314,0.0640,0.0478,0.0480,0.0417,0.0161,0.4000,10,0,2.0000,0.0377,False,mee
EURUSD,H4,sweep_swing,5.0000,alle,536,-0.0718,-0.0588,-0.0131,R15,0.3713,0.0566,-0.2307,-0.0224,0.0364,0.0511,0.0480,-0.0083,-0.0310,0.5333,15,1,1.0000,-0.0256,False,omgekeerd
EURUSD,H4,sweep_swing,5.0000,TF+1 mee,170,-0.0735,-0.0353,-0.0382,R15,0.3706,0.1012,-0.3780,0.0000,0.0118,0.1313,0.0480,-0.0786,0.1500,0.7778,9,1,3.0000,-0.0480,False,omgekeerd
EURUSD,H4,sweep_week,,alle,280,0.0536,-0.0348,0.0884,R15,0.4214,0.0790,1.1183,0.0571,0.1164,0.0690,0.0480,0.0207,0.3922,0.6154,13,0,,0.0055,False,mee
EURUSD,H4,sweep_week,,TF+1 mee,88,0.0511,-0.0114,0.0625,R15,0.4205,0.1426,0.4384,0.0227,-0.0182,0.4959,0.0480,-0.0764,,0.5000,2,0,,0.0031,False,mee
EURUSD,H4,FVG_vorming,,alle,4116,-0.0182,-0.0328,0.0147,R15,0.3926,0.0244,0.6008,0.0063,0.0373,0.0469,0.0480,0.0248,-0.0254,0.4667,15,0,,-0.0662,False,mee
EURUSD,H4,FVG_vorming,,TF+1 mee,1290,-0.0484,0.0008,-0.0492,R15,0.3806,0.0395,-1.2459,-0.0372,-0.0214,0.0540,0.0480,-0.0391,-0.0906,0.6667,15,0,,-0.0108,False,omgekeerd
EURUSD,H4,FVG_retest,,TF+1 mee,1038,-0.0535,-0.0202,-0.0332,R15,0.3786,0.0425,-0.7828,-0.0597,-0.0355,0.0373,0.0480,-0.0217,-0.0786,0.5333,15,0,,0.0117,False,omgekeerd
EURUSD,H4,FVG_inverse,,alle,2424,-0.0068,-0.0234,0.0166,R15,0.3973,0.0267,0.6225,-0.0025,0.0281,-0.0334,0.0480,0.0115,0.0371,0.4667,15,0,,-0.0548,False,mee
GBPUSD,M15,BOS,1.0000,alle,13550,-0.1119,-0.0103,-0.1016,R15,0.3497,0.0120,-8.4616,-0.1048,-0.0895,-0.0948,0.2077,-0.1070,-0.0814,1.0000,15,3,3.0000,-0.1029,False,omgekeerd
GBPUSD,M15,BOS,1.0000,displacement,5358,-0.1114,-0.0061,-0.1053,R15,0.3518,0.0172,-6.1029,-0.1129,-0.0987,-0.1064,0.2077,-0.1014,-0.1213,1.0000,15,2,3.0000,-0.0947,False,omgekeerd
GBPUSD,M15,BOS,1.0000,TF+1 mee,3737,-0.1094,-0.0048,-0.1046,R15,0.3500,0.0226,-4.6223,-0.1101,-0.0998,-0.0783,0.2077,-0.1173,-0.0607,0.7333,15,2,3.0000,-0.0976,False,omgekeerd
GBPUSD,M15,BOS,1.0000,TF+1 en TF+2 mee,1167,-0.0901,0.0376,-0.1277,R15,0.3582,0.0409,-3.1235,-0.0790,-0.1026,-0.1056,0.2077,-0.1454,-0.0652,0.8000,15,2,3.0000,-0.1287,False,omgekeerd
GBPUSD,M15,CHoCH,1.0000,alle,13034,-0.0775,-0.0048,-0.0727,R15,0.3637,0.0115,-6.3028,-0.0672,-0.0587,-0.0696,0.2077,-0.0792,-0.0473,0.9333,15,3,3.0000,-0.1404,False,omgekeerd
GBPUSD,M15,CHoCH,1.0000,displacement,4959,-0.0869,-0.0128,-0.0741,R15,0.3624,0.0185,-4.0137,-0.0787,-0.0623,-0.0973,0.2077,-0.0812,-0.0470,0.9333,15,3,3.0000,-0.1289,False,omgekeerd
GBPUSD,M15,CHoCH,1.0000,MSS,1006,-0.1005,-0.0190,-0.0815,R15,0.3579,0.0432,-1.8861,-0.0938,-0.0729,-0.0230,0.2077,-0.0741,-0.1068,0.7333,15,1,2.0000,-0.1139,False,omgekeerd
GBPUSD,M15,CHoCH,1.0000,TF+1 mee,3678,-0.0403,0.0149,-0.0552,R15,0.3785,0.0210,-2.6326,-0.0466,-0.0577,0.0378,0.2077,-0.0659,-0.0151,0.8667,15,3,3.0000,-0.1610,False,omgekeerd
GBPUSD,M15,CHoCH,1.0000,met sweep,11255,-0.0778,-0.0023,-0.0755,R15,0.3637,0.0126,-5.9930,-0.0680,-0.0626,-0.0782,0.2077,-0.0833,-0.0451,0.9333,15,2,3.0000,-0.1396,False,omgekeerd
GBPUSD,M15,sweep_swing,1.0000,alle,33382,0.0019,-0.0095,0.0114,R15,0.3959,0.0073,1.5524,0.0023,0.0118,0.0316,0.2077,0.0079,0.0260,0.6000,15,0,2.0000,-0.2057,False,mee
GBPUSD,M15,sweep_swing,1.0000,TF+1 mee,9491,0.0074,0.0153,-0.0080,R15,0.3976,0.0153,-0.5196,0.0023,-0.0038,0.0965,0.2077,-0.0159,0.0258,0.6000,15,1,3.0000,-0.2100,False,omgekeerd
GBPUSD,M15,BOS,3.0000,alle,6319,-0.0827,-0.0022,-0.0806,R15,0.3632,0.0169,-4.7563,-0.0831,-0.0767,-0.1275,0.2077,-0.0718,-0.1145,0.8667,15,2,3.0000,-0.1245,False,omgekeerd
GBPUSD,M15,BOS,3.0000,displacement,3034,-0.0932,-0.0062,-0.0871,R15,0.3599,0.0234,-3.7178,-0.0967,-0.0836,-0.1455,0.2077,-0.0662,-0.1774,0.8667,15,1,3.0000,-0.1109,False,omgekeerd
GBPUSD,M15,BOS,3.0000,TF+1 mee,1796,-0.0721,0.0177,-0.0897,R15,0.3664,0.0308,-2.9135,-0.0739,-0.0772,-0.0098,0.2077,-0.0726,-0.1517,0.6667,15,2,3.0000,-0.1337,False,omgekeerd
GBPUSD,M15,BOS,3.0000,TF+1 en TF+2 mee,606,-0.0690,-0.0259,-0.0431,R15,0.3663,0.0521,-0.8281,-0.0756,-0.0339,0.2297,0.2077,-0.0301,-0.0913,0.6667,15,3,3.0000,-0.1321,False,omgekeerd
GBPUSD,M15,CHoCH,3.0000,alle,6133,-0.0782,-0.0058,-0.0724,R15,0.3647,0.0159,-4.5560,-0.0832,-0.0723,-0.0718,0.2077,-0.0783,-0.0506,0.8667,15,3,3.0000,-0.1244,False,omgekeerd
GBPUSD,M15,CHoCH,3.0000,displacement,2821,-0.0381,-0.0048,-0.0334,R15,0.3821,0.0234,-1.4253,-0.0538,-0.0412,-0.0505,0.2077,-0.0215,-0.0791,0.6667,15,1,3.0000,-0.1539,False,omgekeerd
GBPUSD,M15,CHoCH,3.0000,MSS,896,-0.0315,-0.0364,0.0049,R15,0.3850,0.0439,0.1115,-0.0549,-0.0293,-0.1503,0.2077,0.0382,-0.1215,0.4667,15,0,1.0000,-0.2391,False,mee
GBPUSD,M15,CHoCH,3.0000,TF+1 mee,1725,-0.0739,0.0034,-0.0773,R15,0.3652,0.0325,-2.3787,-0.0993,-0.0925,-0.0496,0.2077,-0.0953,-0.0145,0.6667,15,1,3.0000,-0.1083,False,omgekeerd
GBPUSD,M15,CHoCH,3.0000,met sweep,4448,-0.0701,0.0025,-0.0727,R15,0.3685,0.0187,-3.8826,-0.0776,-0.0730,-0.1070,0.2077,-0.0782,-0.0523,0.8000,15,3,3.0000,-0.1300,False,omgekeerd
GBPUSD,M15,sweep_swing,3.0000,alle,14163,-0.0029,-0.0014,-0.0014,R15,0.3951,0.0115,-0.1257,0.0063,0.0116,-0.0439,0.2077,-0.0040,0.0092,0.4000,15,1,1.0000,-0.2140,False,omgekeerd
GBPUSD,M15,sweep_swing,3.0000,TF+1 mee,4054,-0.0036,0.0073,-0.0109,R15,0.3944,0.0208,-0.5226,0.0033,0.0032,-0.0257,0.2077,-0.0231,0.0407,0.5333,15,0,3.0000,-0.2110,False,omgekeerd
GBPUSD,M15,BOS,5.0000,alle,4217,-0.0649,0.0073,-0.0722,R15,0.3714,0.0215,-3.3619,-0.0764,-0.0745,-0.1730,0.2077,-0.0537,-0.1418,0.8667,15,3,3.0000,-0.1312,False,omgekeerd
GBPUSD,M15,BOS,5.0000,displacement,2223,-0.0740,-0.0002,-0.0738,R15,0.3684,0.0281,-2.6310,-0.0947,-0.0829,-0.2296,0.2077,-0.0540,-0.1592,0.7333,15,1,3.0000,-0.1130,False,omgekeerd
GBPUSD,M15,BOS,5.0000,TF+1 mee,1357,-0.0284,-0.0003,-0.0282,R15,0.3847,0.0371,-0.7585,-0.0365,-0.0243,-0.0727,0.2077,-0.0293,-0.0242,0.8000,15,1,3.0000,-0.1711,False,omgekeerd
GBPUSD,M15,BOS,5.0000,TF+1 en TF+2 mee,462,-0.0277,0.0283,-0.0560,R15,0.3831,0.0613,-0.9137,-0.0169,-0.0328,0.0040,0.2077,-0.0420,-0.0983,0.6667,15,2,3.0000,-0.1908,False,omgekeerd
GBPUSD,M15,CHoCH,5.0000,alle,4072,-0.0944,-0.0135,-0.0809,R15,0.3595,0.0203,-3.9813,-0.0966,-0.0726,-0.1551,0.2077,-0.0975,-0.0180,0.7333,15,2,3.0000,-0.1110,False,omgekeerd
GBPUSD,M15,CHoCH,5.0000,displacement,2016,-0.0732,0.0052,-0.0784,R15,0.3695,0.0274,-2.8635,-0.0577,-0.0480,-0.1259,0.2077,-0.0868,-0.0451,0.7333,15,1,3.0000,-0.1500,False,omgekeerd
GBPUSD,M15,CHoCH,5.0000,MSS,749,-0.1087,0.0392,-0.1479,R15,0.3551,0.0456,-3.2438,-0.0829,-0.1051,-0.1180,0.2077,-0.1157,-0.2726,0.7333,15,1,2.0000,-0.1248,False,omgekeerd
GBPUSD,M15,CHoCH,5.0000,TF+1 mee,939,-0.1412,-0.0192,-0.1220,R15,0.3387,0.0445,-2.7403,-0.1344,-0.1046,-0.1383,0.2077,-0.1700,0.0600,0.6667,15,2,3.0000,-0.0732,False,omgekeerd
GBPUSD,M15,CHoCH,5.0000,met sweep,2329,-0.0733,-0.0137,-0.0596,R15,0.3675,0.0263,-2.2687,-0.0723,-0.0474,-0.0846,0.2077,-0.0654,-0.0390,0.6000,15,2,3.0000,-0.1353,False,omgekeerd
GBPUSD,M15,sweep_swing,5.0000,alle,8551,-0.0092,-0.0154,0.0062,R15,0.3934,0.0143,0.4328,-0.0064,0.0102,-0.0664,0.2077,0.0095,-0.0072,0.5333,15,1,2.0000,-0.2169,False,mee
GBPUSD,M15,sweep_swing,5.0000,TF+1 mee,2443,-0.0315,-0.0018,-0.0297,R15,0.3840,0.0274,-1.0833,-0.0269,-0.0107,-0.0298,0.2077,-0.0433,0.0240,0.6000,15,1,3.0000,-0.1808,False,omgekeerd
GBPUSD,M15,sweep_dag,,alle,1423,0.0014,0.0268,-0.0254,R15,0.3970,0.0357,-0.7125,0.0019,-0.0110,-0.0178,0.2077,-0.0345,0.0098,0.6667,15,0,,-0.2096,False,omgekeerd
GBPUSD,M15,sweep_dag,,TF+1 mee,295,-0.0685,0.0236,-0.0921,R15,0.3627,0.0763,-1.2063,-0.0450,-0.0351,-0.1589,0.2077,-0.1083,-0.0241,0.7692,13,0,,-0.1626,False,omgekeerd
GBPUSD,M15,sweep_azie,,alle,2271,-0.0018,-0.0078,0.0060,R15,0.3976,0.0273,0.2201,0.0083,0.0294,-0.0084,0.2077,0.0114,-0.0150,0.4667,15,0,,-0.2094,False,mee
GBPUSD,M15,sweep_azie,,TF+1 mee,680,0.0483,0.0153,0.0330,R15,0.4147,0.0524,0.6303,0.0408,0.0352,0.0627,0.2077,0.0525,-0.0382,0.4667,15,0,,-0.1593,False,mee
GBPUSD,M15,FVG_vorming,,alle,62446,-0.0624,-0.0138,-0.0487,R15,0.3686,0.0059,-8.2285,-0.0608,-0.0469,-0.0694,0.2077,-0.0549,-0.0259,0.9333,15,0,,-0.1468,False,omgekeerd
GBPUSD,M15,FVG_vorming,,TF+1 mee,17723,-0.0606,0.0096,-0.0703,R15,0.3688,0.0113,-6.1949,-0.0613,-0.0613,-0.0484,0.2077,-0.0772,-0.0457,0.9333,15,0,,-0.1463,False,omgekeerd
GBPUSD,M15,FVG_retest,,TF+1 mee,14410,-0.0237,0.0003,-0.0240,R15,0.3831,0.0127,-1.8854,-0.0466,-0.0389,-0.0047,0.2077,-0.0272,-0.0125,0.6000,15,0,,-0.1610,False,omgekeerd
GBPUSD,M15,FVG_inverse,,alle,37437,-0.0816,-0.0083,-0.0733,R15,0.3619,0.0069,-10.6325,-0.0811,-0.0709,-0.0449,0.2077,-0.0757,-0.0646,1.0000,15,0,,-0.1266,False,omgekeerd
GBPUSD,H1,BOS,1.0000,alle,3370,-0.0200,-0.0421,0.0221,R15,0.3920,0.0235,0.9415,-0.0368,0.0082,-0.0851,0.0966,0.0120,0.0601,0.6667,15,0,2.0000,-0.1166,False,mee
GBPUSD,H1,BOS,1.0000,displacement,1462,-0.0168,-0.0297,0.0129,R15,0.3933,0.0355,0.3646,-0.0410,-0.0067,-0.0677,0.0966,-0.0028,0.0778,0.4667,15,1,2.0000,-0.1133,False,mee
GBPUSD,H1,BOS,1.0000,TF+1 mee,1037,0.0053,-0.0265,0.0318,R15,0.4021,0.0430,0.7401,-0.0241,0.0070,-0.0247,0.0966,0.0292,0.0408,0.5333,15,0,2.0000,-0.0913,False,mee
GBPUSD,H1,BOS,1.0000,TF+1 en TF+2 mee,326,-0.0031,-0.0138,0.0107,R15,0.3988,0.0772,0.1391,-0.0552,-0.0405,-0.0535,0.0966,0.0208,-0.0174,0.4667,15,1,2.0000,-0.0997,False,mee
GBPUSD,H1,CHoCH,1.0000,alle,3071,-0.0557,-0.0186,-0.0371,R15,0.3777,0.0234,-1.5866,-0.0655,-0.0358,-0.0039,0.0966,-0.0382,-0.0327,0.6667,15,2,2.0000,-0.0311,False,omgekeerd
GBPUSD,H1,CHoCH,1.0000,displacement,1290,-0.0756,-0.0171,-0.0584,R15,0.3698,0.0365,-1.6015,-0.0775,-0.0338,0.0299,0.0966,-0.0651,-0.0324,0.6667,15,0,1.0000,-0.0191,False,omgekeerd
GBPUSD,H1,CHoCH,1.0000,MSS,211,-0.0877,-0.0130,-0.0746,R15,0.3649,0.0919,-0.8125,-0.1090,-0.0559,-0.2021,0.0966,-0.0171,-0.2600,0.5833,12,0,1.0000,0.0124,False,omgekeerd
GBPUSD,H1,CHoCH,1.0000,TF+1 mee,958,-0.0423,-0.0283,-0.0140,R15,0.3831,0.0419,-0.3332,-0.0564,-0.0150,0.1549,0.0966,-0.0172,-0.0024,0.6667,15,2,2.0000,-0.0402,False,omgekeerd
GBPUSD,H1,CHoCH,1.0000,met sweep,2636,-0.0611,-0.0149,-0.0461,R15,0.3756,0.0255,-1.8085,-0.0660,-0.0366,-0.0508,0.0966,-0.0485,-0.0371,0.8000,15,2,3.0000,-0.0306,False,omgekeerd
GBPUSD,H1,sweep_swing,1.0000,alle,8917,-0.0428,-0.0190,-0.0238,R15,0.3826,0.0136,-1.7594,-0.0438,-0.0164,-0.0565,0.0966,-0.0184,-0.0449,0.6667,15,0,2.0000,-0.0527,False,omgekeerd
GBPUSD,H1,sweep_swing,1.0000,TF+1 mee,2786,-0.0487,-0.0036,-0.0451,R15,0.3801,0.0277,-1.6284,-0.0432,-0.0321,0.0009,0.0966,-0.0326,-0.0907,0.8000,15,1,3.0000,-0.0534,False,omgekeerd
GBPUSD,H1,BOS,3.0000,alle,1529,-0.0193,-0.0177,-0.0016,R15,0.3918,0.0348,-0.0471,-0.0438,-0.0177,0.0540,0.0966,-0.0098,0.0256,0.4667,15,1,1.0000,-0.0528,False,omgekeerd
GBPUSD,H1,BOS,3.0000,displacement,873,-0.0757,-0.0155,-0.0601,R15,0.3688,0.0457,-1.3161,-0.0997,-0.0714,0.0749,0.0966,-0.0654,-0.0385,0.6000,15,0,1.0000,0.0031,False,omgekeerd
GBPUSD,H1,BOS,3.0000,TF+1 mee,516,0.0029,0.0194,-0.0165,R15,0.4012,0.0608,-0.2711,-0.0659,-0.0372,0.0320,0.0966,-0.0189,-0.0083,0.6000,15,0,1.0000,-0.0307,False,omgekeerd
GBPUSD,H1,BOS,3.0000,TF+1 en TF+2 mee,170,-0.0147,0.0000,-0.0147,R15,0.3941,0.1145,-0.1284,-0.1059,-0.0706,-0.0478,0.0966,0.0123,-0.0833,0.6000,10,0,1.0000,0.0093,False,omgekeerd
GBPUSD,H1,CHoCH,3.0000,alle,1513,-0.0334,-0.0410,0.0076,R15,0.3866,0.0348,0.2188,-0.0416,0.0093,-0.0748,0.0966,0.0355,-0.1043,0.4000,15,1,1.0000,-0.1300,False,mee
GBPUSD,H1,CHoCH,3.0000,displacement,751,0.0120,-0.0434,0.0554,R15,0.4048,0.0521,1.0637,-0.0226,0.0378,-0.0788,0.0966,0.0550,0.0573,0.6000,15,1,2.0000,-0.0846,False,mee
GBPUSD,H1,CHoCH,3.0000,MSS,193,0.0492,-0.0622,0.1114,R15,0.4197,0.0999,1.1146,0.0155,0.0808,0.1712,0.0966,0.1346,0.0135,0.6000,10,1,2.0000,-0.0474,False,mee
GBPUSD,H1,CHoCH,3.0000,TF+1 mee,450,-0.0222,-0.0189,-0.0033,R15,0.3911,0.0606,-0.0550,-0.0444,-0.0071,0.2170,0.0966,0.0168,-0.0806,0.6000,15,2,2.0000,-0.0521,False,omgekeerd
GBPUSD,H1,CHoCH,3.0000,met sweep,1011,-0.0480,-0.0393,-0.0086,R15,0.3808,0.0419,-0.2059,-0.0584,-0.0116,-0.1054,0.0966,0.0322,-0.1643,0.5333,15,2,3.0000,-0.0382,False,omgekeerd
GBPUSD,H1,sweep_swing,3.0000,alle,3624,-0.0371,-0.0351,-0.0020,R15,0.3849,0.0217,-0.0915,-0.0475,0.0065,-0.0424,0.0966,0.0193,-0.0856,0.4667,15,0,2.0000,-0.0491,False,omgekeerd
GBPUSD,H1,sweep_swing,3.0000,TF+1 mee,1156,-0.0795,-0.0221,-0.0573,R15,0.3676,0.0413,-1.3882,-0.0591,-0.0283,-0.0188,0.0966,-0.0479,-0.0952,0.6000,15,1,3.0000,-0.0375,False,omgekeerd
GBPUSD,H1,BOS,5.0000,alle,1115,0.0040,-0.0073,0.0112,R15,0.4009,0.0414,0.2716,-0.0063,0.0257,0.0966,0.0966,0.0065,0.0286,0.4667,15,1,2.0000,-0.0926,False,mee
GBPUSD,H1,BOS,5.0000,displacement,671,0.0126,-0.0218,0.0343,R15,0.4039,0.0516,0.6649,-0.0015,0.0534,0.0780,0.0966,0.0473,-0.0203,0.4667,15,1,2.0000,-0.0840,False,mee
GBPUSD,H1,BOS,5.0000,TF+1 mee,457,0.0449,0.0160,0.0288,R15,0.4179,0.0641,0.4495,-0.0328,-0.0200,0.2334,0.0966,0.0327,0.0150,0.6000,15,1,2.0000,-0.0517,False,mee
GBPUSD,H1,BOS,5.0000,TF+1 en TF+2 mee,139,0.0791,-0.0477,0.1268,R15,0.4317,0.1125,1.1267,-0.0216,0.0520,0.5470,0.0966,0.1497,0.0658,0.7143,7,1,2.0000,-0.0175,False,mee
GBPUSD,H1,CHoCH,5.0000,alle,1015,0.0025,0.0043,-0.0018,R15,0.4010,0.0419,-0.0431,-0.0483,-0.0363,0.0095,0.0966,0.0026,-0.0203,0.6667,15,2,2.0000,-0.0483,False,omgekeerd
GBPUSD,H1,CHoCH,5.0000,displacement,585,0.0427,-0.0210,0.0638,R15,0.4171,0.0534,1.1934,-0.0291,0.0062,0.1027,0.0966,0.0257,0.2358,0.6667,15,0,2.0000,-0.0539,False,mee
GBPUSD,H1,CHoCH,5.0000,MSS,182,0.0852,0.0230,0.0621,R15,0.4341,0.1039,0.5978,0.0110,0.0044,0.1340,0.0966,0.0404,0.1923,0.6667,9,0,2.0000,-0.0114,False,mee
GBPUSD,H1,CHoCH,5.0000,TF+1 mee,209,0.0646,-0.0567,0.1213,R15,0.4258,0.0934,1.2984,-0.0335,0.0096,0.3420,0.0966,0.1225,0.1176,0.5455,11,0,1.0000,-0.0320,False,mee
GBPUSD,H1,CHoCH,5.0000,met sweep,510,-0.0098,0.0118,-0.0216,R15,0.3961,0.0563,-0.3828,-0.0431,-0.0439,-0.1807,0.0966,-0.0049,-0.0865,0.4667,15,0,3.0000,-0.0534,False,omgekeerd
GBPUSD,H1,sweep_swing,5.0000,alle,2161,-0.0042,-0.0057,0.0015,R15,0.3980,0.0265,0.0564,-0.0292,-0.0071,-0.0121,0.0966,0.0155,-0.0527,0.6000,15,1,1.0000,-0.1008,False,mee
GBPUSD,H1,sweep_swing,5.0000,TF+1 mee,673,-0.0503,0.0080,-0.0583,R15,0.3789,0.0517,-1.1267,-0.0733,-0.0766,0.0220,0.0966,-0.0819,0.0376,0.6000,15,0,3.0000,-0.0233,False,omgekeerd
GBPUSD,H1,sweep_dag,,alle,1467,-0.0642,-0.0373,-0.0269,R15,0.3742,0.0324,-0.8295,-0.0550,-0.0158,0.0104,0.0966,-0.0211,-0.0492,0.6667,15,0,,-0.0416,False,omgekeerd
GBPUSD,H1,sweep_dag,,TF+1 mee,434,0.0081,0.0029,0.0051,R15,0.4032,0.0671,0.0764,-0.0138,0.0092,0.2267,0.0966,0.0447,-0.1575,0.4000,15,0,,-0.0885,False,mee
GBPUSD,H1,sweep_azie,,alle,2348,0.0070,-0.0407,0.0477,R15,0.4025,0.0269,1.7746,-0.0417,0.0240,-0.1586,0.0966,0.0567,0.0123,0.5333,15,0,,-0.0896,False,mee
GBPUSD,H1,sweep_azie,,TF+1 mee,737,-0.0310,-0.0179,-0.0131,R15,0.3867,0.0501,-0.2623,-0.0588,-0.0172,-0.1046,0.0966,0.0082,-0.0960,0.3333,15,0,,-0.0378,False,omgekeerd
GBPUSD,H1,sweep_week,,alle,282,-0.0236,0.0053,-0.0289,R15,0.3901,0.0851,-0.3398,-0.0768,-0.0697,-0.2348,0.0966,-0.0867,0.1803,0.5000,14,0,,-0.0198,False,omgekeerd
GBPUSD,H1,sweep_week,,TF+1 mee,43,0.0465,0.0930,-0.0465,R15,0.4186,0.2223,-0.2092,0.0233,-0.0930,0.1079,0.0966,-0.0294,,,0,0,,-0.1198,False,omgekeerd
GBPUSD,H1,FVG_vorming,,alle,14525,-0.0154,-0.0216,0.0062,R15,0.3937,0.0120,0.5138,-0.0211,0.0049,-0.0150,0.0966,0.0046,0.0122,0.6667,15,0,,-0.1120,False,mee
GBPUSD,H1,FVG_vorming,,TF+1 mee,4588,-0.0335,-0.0221,-0.0113,R15,0.3864,0.0232,-0.4881,-0.0284,-0.0043,0.0468,0.0966,-0.0184,0.0138,0.4667,15,0,,-0.0682,False,omgekeerd
GBPUSD,H1,FVG_retest,,TF+1 mee,3616,-0.0136,-0.0229,0.0093,R15,0.3941,0.0262,0.3543,-0.0277,0.0038,0.0536,0.0966,-0.0051,0.0610,0.6667,15,0,,-0.1102,False,mee
GBPUSD,H1,FVG_inverse,,alle,8505,-0.0496,-0.0193,-0.0303,R15,0.3801,0.0148,-2.0484,-0.0606,-0.0307,-0.0117,0.0966,-0.0287,-0.0362,0.6667,15,0,,-0.0360,False,omgekeerd
GBPUSD,H4,BOS,1.0000,alle,884,0.0775,0.0113,0.0662,R15,0.4310,0.0461,1.4342,0.0294,0.0388,0.0495,0.0465,0.0326,0.1795,0.8000,15,0,3.0000,0.0310,False,mee
GBPUSD,H4,BOS,1.0000,displacement,354,0.0946,-0.0049,0.0996,R15,0.4379,0.0694,1.4353,0.0000,0.0232,-0.0491,0.0465,0.0833,0.1632,0.6667,15,1,3.0000,0.0482,False,mee
GBPUSD,H4,BOS,1.0000,TF+1 mee,278,0.1691,0.0090,0.1601,R15,0.4676,0.0845,1.8951,0.0360,0.0590,0.2845,0.0465,0.1393,0.2143,0.7143,14,1,2.0000,0.1226,False,mee
GBPUSD,H4,BOS,1.0000,TF+1 en TF+2 mee,83,0.1446,0.1265,0.0181,R15,0.4578,0.1647,0.1097,0.0120,-0.0386,0.1364,0.0465,-0.0392,0.1094,0.5000,2,1,3.0000,0.0981,False,mee
GBPUSD,H4,CHoCH,1.0000,alle,788,-0.0165,-0.0279,0.0114,R15,0.3934,0.0475,0.2403,-0.0406,-0.0077,-0.0906,0.0465,-0.0196,0.1296,0.5333,15,0,3.0000,-0.0630,False,mee
GBPUSD,H4,CHoCH,1.0000,displacement,343,-0.0160,0.0117,-0.0277,R15,0.3936,0.0702,-0.3947,-0.0496,-0.0478,-0.0067,0.0465,-0.0382,0.0147,0.6000,15,2,3.0000,0.0031,False,omgekeerd
GBPUSD,H4,CHoCH,1.0000,MSS,60,-0.2500,-0.0583,-0.1917,R15,0.3000,0.1422,-1.3477,-0.2667,-0.2333,-0.4296,0.0465,-0.1667,,,0,1,1.0000,0.2202,False,omgekeerd
GBPUSD,H4,CHoCH,1.0000,TF+1 mee,248,-0.0323,0.0907,-0.1230,R15,0.3871,0.0802,-1.5341,-0.0242,-0.0677,-0.0317,0.0465,-0.1100,-0.1771,0.6154,13,0,1.0000,-0.0223,False,omgekeerd
GBPUSD,H4,CHoCH,1.0000,met sweep,657,-0.0487,-0.0198,-0.0289,R15,0.3805,0.0520,-0.5560,-0.0594,-0.0373,-0.1427,0.0465,-0.0558,0.0687,0.6667,15,0,1.0000,0.0129,False,omgekeerd
GBPUSD,H4,sweep_swing,1.0000,alle,2177,0.0370,-0.0092,0.0462,R15,0.4148,0.0263,1.7557,0.0041,0.0243,-0.0022,0.0465,0.0695,-0.0451,0.6667,15,0,2.0000,-0.0095,False,mee
GBPUSD,H4,sweep_swing,1.0000,TF+1 mee,649,0.0362,0.0168,0.0194,R15,0.4145,0.0548,0.3545,-0.0200,-0.0025,0.0688,0.0465,0.0271,-0.0104,0.5333,15,0,2.0000,-0.0103,False,mee
GBPUSD,H4,BOS,3.0000,alle,540,0.0417,-0.0285,0.0701,R15,0.4167,0.0581,1.2072,0.0333,0.0730,0.1762,0.0465,0.0384,0.2100,0.6667,15,0,3.0000,-0.0048,False,mee
GBPUSD,H4,BOS,3.0000,displacement,275,0.0909,0.0164,0.0745,R15,0.4364,0.0819,0.9104,0.0545,0.0727,0.1055,0.0465,0.0609,0.1444,0.5833,12,0,3.0000,0.0444,False,mee
GBPUSD,H4,BOS,3.0000,TF+1 mee,161,0.0093,0.0435,-0.0342,R15,0.4037,0.0982,-0.3480,0.0062,-0.0149,0.3894,0.0465,-0.0551,0.0441,0.3750,8,0,1.0000,-0.0527,False,omgekeerd
GBPUSD,H4,BOS,3.0000,TF+1 en TF+2 mee,47,0.1702,0.1596,0.0106,R15,0.4681,0.1769,0.0602,0.2340,0.0766,0.4845,0.0465,-0.0909,,,0,0,3.0000,0.1237,False,mee
GBPUSD,H4,CHoCH,3.0000,alle,446,-0.0078,-0.0320,0.0241,R15,0.3969,0.0629,0.3830,-0.0673,-0.0283,-0.1825,0.0465,0.0225,0.0321,0.6000,15,2,3.0000,-0.0543,False,mee
GBPUSD,H4,CHoCH,3.0000,displacement,231,-0.0476,-0.0179,-0.0298,R15,0.3810,0.0879,-0.3387,-0.1255,-0.0861,-0.2666,0.0465,-0.0448,0.0606,0.5000,10,1,3.0000,0.0791,False,omgekeerd
GBPUSD,H4,CHoCH,3.0000,MSS,71,-0.0493,-0.0951,0.0458,R15,0.3803,0.1596,0.2869,-0.2113,-0.1493,-0.5178,0.0465,0.0685,,,0,1,2.0000,-0.0958,False,mee
GBPUSD,H4,CHoCH,3.0000,TF+1 mee,131,0.0496,-0.0191,0.0687,R15,0.4198,0.1173,0.5857,-0.0382,-0.0031,-0.2263,0.0465,0.0917,-0.0455,0.5000,8,2,2.0000,0.0032,False,mee
GBPUSD,H4,CHoCH,3.0000,met sweep,337,-0.0282,-0.0356,0.0074,R15,0.3887,0.0728,0.1020,-0.0920,-0.0487,-0.2097,0.0465,-0.0013,0.0553,0.5385,13,0,2.0000,-0.0747,False,mee
GBPUSD,H4,sweep_swing,3.0000,alle,982,0.0616,0.0233,0.0383,R15,0.4246,0.0430,0.8921,0.0102,0.0077,0.0616,0.0465,0.0524,-0.0213,0.6000,15,0,2.0000,0.0151,False,mee
GBPUSD,H4,sweep_swing,3.0000,TF+1 mee,301,0.0299,0.0066,0.0233,R15,0.4120,0.0798,0.2916,-0.0299,-0.0106,0.0502,0.0465,-0.0225,0.2193,0.5714,14,2,2.0000,-0.0166,False,mee
GBPUSD,H4,BOS,5.0000,alle,382,0.0995,0.0288,0.0707,R15,0.4398,0.0695,1.0173,0.0890,0.0911,0.2889,0.0465,0.0423,0.1867,0.5000,14,1,3.0000,0.0530,False,mee
GBPUSD,H4,BOS,5.0000,displacement,204,0.1275,0.0049,0.1225,R15,0.4510,0.0957,1.2802,0.0882,0.1039,0.2836,0.0465,0.1012,0.2222,0.4000,10,1,3.0000,0.0810,False,mee
GBPUSD,H4,BOS,5.0000,TF+1 mee,105,0.2143,0.0000,0.2143,R15,0.4857,0.1498,1.4300,0.2000,0.2476,0.7686,0.0465,0.0581,,0.6667,3,2,2.0000,0.1678,False,mee
GBPUSD,H4,BOS,5.0000,TF+1 en TF+2 mee,32,0.2500,-0.0781,0.3281,R15,0.5000,0.2361,1.3898,0.1875,0.2375,0.6092,0.0465,0.2500,,,0,0,3.0000,0.2035,False,mee
GBPUSD,H4,CHoCH,5.0000,alle,269,0.0688,-0.0390,0.1078,R15,0.4275,0.0793,1.3590,0.0409,0.1041,0.0944,0.0465,0.1142,0.0800,0.6429,14,0,3.0000,0.0223,False,mee
GBPUSD,H4,CHoCH,5.0000,displacement,146,-0.0753,-0.0479,-0.0274,R15,0.3699,0.1044,-0.2624,-0.0548,0.0247,0.0011,0.0465,0.0000,-0.1600,0.6250,8,0,3.0000,0.0083,False,omgekeerd
GBPUSD,H4,CHoCH,5.0000,MSS,54,-0.0278,-0.0370,0.0093,R15,0.3889,0.1764,0.0525,-0.0741,-0.0148,-0.1785,0.0465,0.0435,,1.0000,1,0,2.0000,-0.0742,False,mee
GBPUSD,H4,CHoCH,5.0000,TF+1 mee,83,0.2349,0.0663,0.1687,R15,0.4940,0.1471,1.1464,0.0120,-0.0096,0.2409,0.0465,0.1838,,1.0000,1,0,2.0000,0.1885,False,mee
GBPUSD,H4,CHoCH,5.0000,met sweep,157,0.0510,-0.0382,0.0892,R15,0.4204,0.1018,0.8762,-0.0573,-0.0204,0.0987,0.0465,0.0977,0.0517,0.5000,8,0,2.0000,0.0045,False,mee
GBPUSD,H4,sweep_swing,5.0000,alle,520,0.0048,0.0255,-0.0207,R15,0.4019,0.0591,-0.3500,-0.0231,-0.0221,0.0704,0.0465,-0.0607,0.1394,0.6000,15,1,1.0000,-0.0234,False,omgekeerd
GBPUSD,H4,sweep_swing,5.0000,TF+1 mee,163,0.0123,0.0368,-0.0245,R15,0.4049,0.1051,-0.2336,-0.0184,-0.0417,0.0534,0.0465,-0.0814,0.1912,0.5000,10,1,1.0000,-0.0281,False,omgekeerd
GBPUSD,H4,sweep_week,,alle,273,-0.0934,-0.0211,-0.0723,R15,0.3626,0.0754,-0.9589,-0.0549,-0.0315,-0.2173,0.0465,-0.1062,0.0648,0.6923,13,0,,0.0085,False,omgekeerd
GBPUSD,H4,sweep_week,,TF+1 mee,84,-0.1369,-0.0417,-0.0952,R15,0.3452,0.1405,-0.6780,-0.0476,-0.0000,-0.0549,0.0465,-0.1103,,0.0000,1,0,,0.0012,False,omgekeerd
GBPUSD,H4,FVG_vorming,,alle,4012,0.0268,-0.0032,0.0299,R15,0.4105,0.0240,1.2487,0.0110,0.0232,0.0340,0.0465,0.0130,0.0938,0.6667,15,0,,-0.0197,False,mee
GBPUSD,H4,FVG_vorming,,TF+1 mee,1297,0.0655,0.0355,0.0300,R15,0.4256,0.0442,0.6779,0.0455,0.0213,0.1432,0.0465,0.0023,0.1262,0.6000,15,0,,0.0190,False,mee
GBPUSD,H4,FVG_retest,,TF+1 mee,1023,0.0056,-0.0147,0.0203,R15,0.4008,0.0438,0.4637,-0.0225,0.0008,0.0854,0.0465,-0.0157,0.1358,0.5333,15,0,,-0.0408,False,mee
GBPUSD,H4,FVG_inverse,,alle,2263,0.0241,-0.0267,0.0508,R15,0.4096,0.0279,1.8191,-0.0137,0.0304,-0.0344,0.0465,0.0680,-0.0112,0.6667,15,0,,-0.0224,False,mee
XAGUSD,M15,BOS,1.0000,alle,4733,-0.0620,0.0015,-0.0634,R15,0.3729,0.0193,-3.2918,-0.0604,-0.0503,-0.1218,0.5981,-0.0558,-0.0703,0.7778,9,3,3.0000,-0.5377,False,omgekeerd
XAGUSD,M15,BOS,1.0000,displacement,1920,-0.0647,0.0050,-0.0696,R15,0.3740,0.0282,-2.4663,-0.0677,-0.0570,-0.1385,0.5981,-0.0706,-0.0687,0.8889,9,2,3.0000,-0.5303,False,omgekeerd
XAGUSD,M15,BOS,1.0000,TF+1 mee,1368,-0.0370,-0.0254,-0.0116,R15,0.3830,0.0345,-0.3369,-0.0569,-0.0458,0.0224,0.5981,-0.0380,0.0134,0.5556,9,3,2.0000,-0.5411,False,omgekeerd
XAGUSD,M15,BOS,1.0000,TF+1 en TF+2 mee,435,-0.0747,-0.0117,-0.0630,R15,0.3701,0.0600,-1.0506,-0.0713,-0.0573,0.2209,0.5981,-0.0658,-0.0599,0.5556,9,2,2.0000,-0.5268,False,omgekeerd
XAGUSD,M15,CHoCH,1.0000,alle,4838,-0.0706,-0.0119,-0.0587,R15,0.3692,0.0183,-3.2014,-0.0662,-0.0500,-0.0563,0.5981,-0.0435,-0.0727,0.8889,9,3,3.0000,-0.5318,False,omgekeerd
XAGUSD,M15,CHoCH,1.0000,displacement,1877,-0.0520,-0.0036,-0.0483,R15,0.3783,0.0293,-1.6486,-0.0369,-0.0212,0.0030,0.5981,-0.0494,-0.0473,0.8889,9,3,2.0000,-0.5612,False,omgekeerd
XAGUSD,M15,CHoCH,1.0000,MSS,395,-0.0551,0.0025,-0.0577,R15,0.3772,0.0695,-0.8300,-0.0278,-0.0402,0.2481,0.5981,-0.0324,-0.0806,0.5556,9,2,3.0000,-0.5702,False,omgekeerd
XAGUSD,M15,CHoCH,1.0000,TF+1 mee,1403,-0.0533,0.0129,-0.0662,R15,0.3770,0.0387,-1.7101,-0.0435,-0.0481,-0.0277,0.5981,-0.0898,-0.0450,0.7778,9,3,3.0000,-0.5546,False,omgekeerd
XAGUSD,M15,CHoCH,1.0000,met sweep,4056,-0.0751,-0.0102,-0.0650,R15,0.3671,0.0197,-3.2934,-0.0635,-0.0504,-0.0435,0.5981,-0.0486,-0.0797,0.8889,9,2,3.0000,-0.5345,False,omgekeerd
XAGUSD,M15,sweep_swing,1.0000,alle,11868,-0.0191,-0.0149,-0.0041,R15,0.3881,0.0120,-0.3445,-0.0164,0.0031,0.0013,0.5981,0.0123,-0.0196,0.6667,9,1,2.0000,-0.5817,False,omgekeerd
XAGUSD,M15,sweep_swing,1.0000,TF+1 mee,3475,-0.0433,-0.0015,-0.0418,R15,0.3781,0.0251,-1.6639,-0.0310,-0.0290,0.0389,0.5981,-0.0493,-0.0346,0.8889,9,0,1.0000,-0.5671,False,omgekeerd
XAGUSD,M15,BOS,3.0000,alle,2332,-0.0429,-0.0170,-0.0259,R15,0.3816,0.0267,-0.9702,-0.0382,-0.0176,-0.0429,0.5981,0.0128,-0.0657,0.5556,9,3,3.0000,-0.5599,False,omgekeerd
XAGUSD,M15,BOS,3.0000,displacement,1180,-0.0064,-0.0026,-0.0038,R15,0.3975,0.0385,-0.0973,-0.0051,0.0001,-0.0681,0.5981,0.0319,-0.0426,0.6667,9,2,3.0000,-0.5930,False,omgekeerd
XAGUSD,M15,BOS,3.0000,TF+1 mee,825,0.0122,-0.0082,0.0204,R15,0.4036,0.0465,0.4373,-0.0122,-0.0040,0.0726,0.5981,0.0533,-0.0281,0.4444,9,0,1.0000,-0.5859,False,mee
XAGUSD,M15,BOS,3.0000,TF+1 en TF+2 mee,314,0.0748,-0.0207,0.0955,R15,0.4299,0.0667,1.4316,0.0446,0.0559,0.2227,0.5981,0.1060,0.0794,0.7778,9,0,1.0000,-0.5232,False,mee
XAGUSD,M15,CHoCH,3.0000,alle,2363,-0.0890,-0.0181,-0.0709,R15,0.3618,0.0259,-2.7393,-0.0723,-0.0461,-0.1613,0.5981,-0.1177,-0.0256,0.8889,9,3,3.0000,-0.5258,False,omgekeerd
XAGUSD,M15,CHoCH,3.0000,displacement,1121,0.0031,-0.0202,0.0233,R15,0.3996,0.0379,0.6141,0.0035,0.0298,-0.1272,0.5981,-0.0306,0.0737,0.5556,9,0,1.0000,-0.5950,False,mee
XAGUSD,M15,CHoCH,3.0000,MSS,377,-0.0742,-0.0484,-0.0258,R15,0.3687,0.0656,-0.3930,-0.0822,-0.0383,-0.2884,0.5981,0.0115,-0.0636,0.4444,9,2,3.0000,-0.5158,False,omgekeerd
XAGUSD,M15,CHoCH,3.0000,TF+1 mee,607,-0.0852,-0.0156,-0.0696,R15,0.3624,0.0534,-1.3023,-0.0563,-0.0463,-0.1818,0.5981,-0.1487,-0.0160,0.5000,8,1,3.0000,-0.5417,False,omgekeerd
XAGUSD,M15,CHoCH,3.0000,met sweep,1642,-0.0864,-0.0160,-0.0704,R15,0.3636,0.0327,-2.1535,-0.0798,-0.0504,-0.1017,0.5981,-0.1005,-0.0413,0.8889,9,3,3.0000,-0.5183,False,omgekeerd
XAGUSD,M15,sweep_swing,3.0000,alle,5214,-0.0110,0.0048,-0.0157,R15,0.3930,0.0191,-0.8231,-0.0216,-0.0127,0.0340,0.5981,0.0131,-0.0450,0.6667,9,1,2.0000,-0.5765,False,omgekeerd
XAGUSD,M15,sweep_swing,3.0000,TF+1 mee,1544,0.0031,-0.0187,0.0217,R15,0.3983,0.0360,0.6041,-0.0207,0.0019,0.0876,0.5981,0.0285,0.0144,0.4444,9,0,2.0000,-0.5950,False,mee
XAGUSD,M15,BOS,5.0000,alle,1595,-0.0594,-0.0014,-0.0580,R15,0.3755,0.0305,-1.9024,-0.0513,-0.0347,0.0587,0.5981,-0.0036,-0.1143,0.7778,9,3,3.0000,-0.5467,False,omgekeerd
XAGUSD,M15,BOS,5.0000,displacement,860,-0.0407,-0.0049,-0.0358,R15,0.3837,0.0422,-0.8494,-0.0256,-0.0106,-0.0005,0.5981,0.0379,-0.1117,0.5556,9,2,3.0000,-0.5725,False,omgekeerd
XAGUSD,M15,BOS,5.0000,TF+1 mee,580,-0.0434,-0.0385,-0.0049,R15,0.3810,0.0532,-0.0913,-0.0497,-0.0093,0.0581,0.5981,0.0412,-0.0552,0.4444,9,1,2.0000,-0.5483,False,omgekeerd
XAGUSD,M15,BOS,5.0000,TF+1 en TF+2 mee,205,0.0366,0.0531,-0.0165,R15,0.4146,0.0921,-0.1788,-0.0146,-0.0795,0.3358,0.5981,0.0965,-0.1697,0.5556,9,2,2.0000,-0.5834,False,omgekeerd
XAGUSD,M15,CHoCH,5.0000,alle,1561,-0.0945,-0.0120,-0.0825,R15,0.3594,0.0312,-2.6399,-0.0707,-0.0501,-0.1253,0.5981,-0.0080,-0.1506,0.6667,9,2,3.0000,-0.5274,False,omgekeerd
XAGUSD,M15,CHoCH,5.0000,displacement,774,-0.0421,-0.0000,-0.0421,R15,0.3811,0.0445,-0.9454,-0.0321,-0.0224,-0.1298,0.5981,0.0186,-0.0963,0.6667,9,2,2.0000,-0.5660,False,omgekeerd
XAGUSD,M15,CHoCH,5.0000,MSS,306,-0.0555,-0.0117,-0.0438,R15,0.3758,0.0709,-0.6173,-0.0065,0.0057,-0.0643,0.5981,0.1106,-0.1961,0.5556,9,2,3.0000,-0.5915,False,omgekeerd
XAGUSD,M15,CHoCH,5.0000,TF+1 mee,324,-0.0764,0.0028,-0.0792,R15,0.3673,0.0719,-1.1012,-0.0959,-0.1161,0.0162,0.5981,0.0638,-0.2040,0.7500,8,2,3.0000,-0.5021,False,omgekeerd
XAGUSD,M15,CHoCH,5.0000,met sweep,908,-0.1061,-0.0143,-0.0918,R15,0.3546,0.0408,-2.2472,-0.0780,-0.0548,-0.0587,0.5981,-0.0404,-0.1380,0.7778,9,2,3.0000,-0.5201,False,omgekeerd
XAGUSD,M15,sweep_swing,5.0000,alle,3170,0.0225,-0.0232,0.0457,R15,0.4073,0.0224,2.0443,-0.0140,0.0176,0.0429,0.5981,0.0738,0.0161,0.6667,9,0,1.0000,-0.5756,False,mee
XAGUSD,M15,sweep_swing,5.0000,TF+1 mee,950,0.0481,-0.0062,0.0543,R15,0.4179,0.0455,1.1922,-0.0253,-0.0238,0.0053,0.5981,0.1351,-0.0336,0.6667,9,1,2.0000,-0.5500,False,mee
XAGUSD,M15,sweep_dag,,alle,758,-0.0203,-0.0198,-0.0005,R15,0.3892,0.0493,-0.0102,0.0064,0.0355,-0.0984,0.5981,0.0278,-0.0418,0.5556,9,0,,-0.6044,False,omgekeerd
XAGUSD,M15,sweep_dag,,TF+1 mee,146,-0.0240,-0.0881,0.0641,R15,0.3904,0.1008,0.6359,0.0411,0.1191,0.0667,0.5981,0.0606,0.0688,0.6667,6,0,,-0.6220,False,mee
XAGUSD,M15,sweep_azie,,alle,1085,0.0273,-0.0211,0.0484,R15,0.4065,0.0427,1.1336,0.0023,0.0316,0.1741,0.5981,0.0214,0.0915,0.6667,9,0,,-0.5708,False,mee
XAGUSD,M15,sweep_azie,,TF+1 mee,366,0.0172,0.0302,-0.0130,R15,0.4016,0.0709,-0.1836,-0.0197,-0.0267,0.2653,0.5981,-0.0552,0.0559,0.5556,9,0,,-0.5784,False,omgekeerd
XAGUSD,M15,FVG_vorming,,alle,25078,-0.0486,-0.0161,-0.0325,R15,0.3759,0.0098,-3.3333,-0.0445,-0.0281,-0.0118,0.5981,-0.0176,-0.0475,0.8889,9,0,,-0.5535,False,omgekeerd
XAGUSD,M15,FVG_vorming,,TF+1 mee,7344,-0.0404,-0.0001,-0.0403,R15,0.3794,0.0179,-2.2531,-0.0328,-0.0275,0.0580,0.5981,-0.0272,-0.0531,0.6667,9,0,,-0.5652,False,omgekeerd
XAGUSD,M15,FVG_retest,,TF+1 mee,5899,-0.0313,-0.0076,-0.0237,R15,0.3829,0.0198,-1.1964,-0.0449,-0.0370,0.0086,0.5981,-0.0186,-0.0287,0.4444,9,0,,-0.5532,False,omgekeerd
XAGUSD,M15,FVG_inverse,,alle,14806,-0.0309,-0.0118,-0.0191,R15,0.3838,0.0117,-1.6292,-0.0381,-0.0219,-0.0507,0.5981,-0.0343,-0.0043,0.8889,9,0,,-0.5600,False,omgekeerd
XAGUSD,H1,BOS,1.0000,alle,1472,-0.0557,-0.0207,-0.0350,R15,0.3777,0.0372,-0.9405,-0.0530,-0.0185,0.0820,0.3026,-0.0483,-0.0167,0.5556,9,2,3.0000,-0.2496,False,omgekeerd
XAGUSD,H1,BOS,1.0000,displacement,629,-0.0183,-0.0198,0.0016,R15,0.3927,0.0539,0.0290,-0.0207,0.0199,0.2442,0.3026,0.0262,-0.0318,0.4444,9,1,3.0000,-0.3208,False,mee
XAGUSD,H1,BOS,1.0000,TF+1 mee,455,-0.0879,0.0024,-0.0903,R15,0.3648,0.0660,-1.3677,-0.0286,-0.0273,0.3054,0.3026,-0.1253,-0.0436,0.6667,9,1,3.0000,-0.2740,False,omgekeerd
XAGUSD,H1,BOS,1.0000,TF+1 en TF+2 mee,116,-0.1164,0.0000,-0.1164,R15,0.3534,0.1411,-0.8248,-0.1379,-0.1138,0.5667,0.3026,0.0593,-0.2982,0.3333,6,0,1.0000,-0.1646,False,omgekeerd
XAGUSD,H1,CHoCH,1.0000,alle,1495,-0.0853,-0.0303,-0.0550,R15,0.3659,0.0327,-1.6790,-0.0876,-0.0567,-0.0741,0.3026,-0.0567,-0.0526,0.7778,9,2,3.0000,-0.2149,False,omgekeerd
XAGUSD,H1,CHoCH,1.0000,displacement,583,-0.0609,-0.0213,-0.0396,R15,0.3756,0.0556,-0.7124,-0.0600,-0.0305,-0.0344,0.3026,-0.0292,-0.0555,0.5556,9,1,3.0000,-0.2425,False,omgekeerd
XAGUSD,H1,CHoCH,1.0000,MSS,91,-0.2033,-0.0879,-0.1154,R15,0.3187,0.1342,-0.8599,-0.1648,-0.0484,0.0839,0.3026,-0.0714,-0.2143,0.7500,4,0,1.0000,-0.1377,False,omgekeerd
XAGUSD,H1,CHoCH,1.0000,TF+1 mee,426,-0.0493,-0.0066,-0.0427,R15,0.3803,0.0685,-0.6233,-0.0469,-0.0368,-0.3336,0.3026,-0.0541,-0.0262,0.6667,9,2,3.0000,-0.2556,False,omgekeerd
XAGUSD,H1,CHoCH,1.0000,met sweep,1293,-0.0700,-0.0284,-0.0416,R15,0.3720,0.0363,-1.1478,-0.0704,-0.0393,-0.0882,0.3026,-0.0434,-0.0392,0.5556,9,2,3.0000,-0.2322,False,omgekeerd
XAGUSD,H1,sweep_swing,1.0000,alle,4068,-0.0246,-0.0214,-0.0032,R15,0.3896,0.0200,-0.1611,-0.0173,0.0086,-0.0757,0.3026,-0.0227,0.0253,0.6667,9,1,3.0000,-0.2852,False,omgekeerd
XAGUSD,H1,sweep_swing,1.0000,TF+1 mee,1166,-0.0626,-0.0015,-0.0611,R15,0.3739,0.0422,-1.4470,-0.0214,-0.0045,-0.1121,0.3026,-0.1211,0.0231,0.8889,9,1,3.0000,-0.2811,False,omgekeerd
XAGUSD,H1,BOS,3.0000,alle,748,-0.0475,-0.0292,-0.0183,R15,0.3810,0.0500,-0.3653,-0.0775,-0.0450,0.1253,0.3026,-0.0219,-0.0135,0.6667,9,1,3.0000,-0.2250,False,omgekeerd
XAGUSD,H1,BOS,3.0000,displacement,392,-0.0179,-0.0551,0.0372,R15,0.3929,0.0686,0.5425,-0.0612,-0.0078,0.2519,0.3026,0.0661,-0.0017,0.6667,9,1,3.0000,-0.3204,False,mee
XAGUSD,H1,BOS,3.0000,TF+1 mee,248,-0.0323,0.0037,-0.0360,R15,0.3871,0.0847,-0.4246,-0.0484,-0.0723,0.3037,0.3026,-0.1474,0.1318,0.5556,9,0,3.0000,-0.2542,False,omgekeerd
XAGUSD,H1,BOS,3.0000,TF+1 en TF+2 mee,69,0.1232,-0.0072,0.1304,R15,0.4493,0.1240,1.0517,0.0145,0.0232,0.8354,0.3026,0.0000,0.2195,0.6667,3,1,2.0000,-0.1794,False,mee
XAGUSD,H1,CHoCH,3.0000,alle,777,-0.1281,-0.0489,-0.0792,R15,0.3488,0.0451,-1.7566,-0.0914,-0.0542,-0.0337,0.3026,-0.0214,-0.1512,0.7778,9,2,3.0000,-0.2112,False,omgekeerd
XAGUSD,H1,CHoCH,3.0000,displacement,371,-0.0701,-0.0630,-0.0071,R15,0.3720,0.0645,-0.1096,-0.0512,0.0051,0.0688,0.3026,0.0294,-0.0497,0.5556,9,1,3.0000,-0.2513,False,omgekeerd
XAGUSD,H1,CHoCH,3.0000,MSS,111,0.0811,-0.0755,0.1565,R15,0.4324,0.1264,1.2383,0.0270,0.1000,0.1953,0.3026,0.1793,0.1190,0.8000,5,1,2.0000,-0.2215,False,mee
XAGUSD,H1,CHoCH,3.0000,TF+1 mee,207,-0.2271,0.0040,-0.2310,R15,0.3092,0.0896,-2.5790,-0.1884,-0.1770,-0.2372,0.3026,-0.2056,-0.2604,0.7778,9,1,3.0000,-0.1141,False,omgekeerd
XAGUSD,H1,CHoCH,3.0000,met sweep,573,-0.1361,-0.0543,-0.0819,R15,0.3455,0.0521,-1.5702,-0.0995,-0.0587,-0.0806,0.3026,0.0216,-0.2119,0.6667,9,1,3.0000,-0.2031,False,omgekeerd
XAGUSD,H1,sweep_swing,3.0000,alle,1783,-0.0444,-0.0323,-0.0122,R15,0.3814,0.0316,-0.3853,-0.0456,-0.0123,-0.0354,0.3026,-0.0223,0.0016,0.7778,9,0,3.0000,-0.2569,False,omgekeerd
XAGUSD,H1,sweep_swing,3.0000,TF+1 mee,528,-0.1288,-0.0451,-0.0837,R15,0.3485,0.0578,-1.4485,-0.0682,-0.0339,-0.0513,0.3026,-0.1765,0.0394,0.5556,9,1,3.0000,-0.2344,False,omgekeerd
XAGUSD,H1,BOS,5.0000,alle,538,-0.0706,-0.0474,-0.0232,R15,0.3717,0.0557,-0.4176,-0.0669,-0.0262,-0.0240,0.3026,0.0135,-0.0721,0.6667,9,1,3.0000,-0.2356,False,omgekeerd
XAGUSD,H1,BOS,5.0000,displacement,285,-0.0351,-0.0588,0.0237,R15,0.3860,0.0768,0.3085,-0.0316,0.0246,0.2601,0.3026,-0.0016,0.0526,0.5556,9,1,3.0000,-0.3376,False,mee
XAGUSD,H1,BOS,5.0000,TF+1 mee,215,-0.0116,0.0016,-0.0132,R15,0.3953,0.0869,-0.1520,-0.0419,-0.0205,0.1166,0.3026,0.0012,-0.0366,0.6667,9,0,3.0000,-0.2607,False,omgekeerd
XAGUSD,H1,BOS,5.0000,TF+1 en TF+2 mee,56,0.1607,-0.0051,0.1659,R15,0.4643,0.1747,0.9492,0.0714,0.1000,0.0969,0.3026,0.4912,-0.0781,0.0000,1,2,2.0000,-0.1418,False,mee
XAGUSD,H1,CHoCH,5.0000,alle,461,-0.0889,0.0068,-0.0958,R15,0.3644,0.0639,-1.4985,-0.0759,-0.0703,0.1441,0.3026,-0.0285,-0.1901,0.5556,9,1,3.0000,-0.2266,False,omgekeerd
XAGUSD,H1,CHoCH,5.0000,displacement,260,-0.0577,0.0065,-0.0642,R15,0.3769,0.0886,-0.7250,-0.0385,-0.0515,0.1831,0.3026,-0.0230,-0.1242,0.3333,9,1,3.0000,-0.2641,False,omgekeerd
XAGUSD,H1,CHoCH,5.0000,MSS,83,0.0542,-0.0036,0.0578,R15,0.4217,0.1459,0.3963,0.0120,-0.0169,-0.0074,0.3026,0.1339,-0.0697,0.5000,4,0,2.0000,-0.2483,False,mee
XAGUSD,H1,CHoCH,5.0000,TF+1 mee,102,-0.1912,-0.0392,-0.1520,R15,0.3235,0.1142,-1.3307,-0.1569,-0.1098,0.1849,0.3026,-0.2091,-0.0851,0.5000,4,1,3.0000,-0.1457,False,omgekeerd
XAGUSD,H1,CHoCH,5.0000,met sweep,276,-0.0489,0.0024,-0.0513,R15,0.3804,0.0832,-0.6169,-0.0652,-0.0557,0.2115,0.3026,0.0180,-0.1574,0.7778,9,0,3.0000,-0.2373,False,omgekeerd
XAGUSD,H1,sweep_swing,5.0000,alle,1105,-0.0433,-0.0363,-0.0070,R15,0.3819,0.0403,-0.1736,-0.0552,-0.0201,-0.0785,0.3026,-0.0055,-0.0093,0.4444,9,0,3.0000,-0.2474,False,omgekeerd
XAGUSD,H1,sweep_swing,5.0000,TF+1 mee,321,-0.0966,-0.0366,-0.0600,R15,0.3614,0.0738,-0.8136,-0.0467,-0.0033,-0.2375,0.3026,-0.1224,0.0328,0.5556,9,1,3.0000,-0.2558,False,omgekeerd
XAGUSD,H1,sweep_dag,,alle,800,-0.0604,0.0016,-0.0621,R15,0.3750,0.0498,-1.2467,-0.0629,-0.0571,-0.1361,0.3026,-0.0184,-0.1300,0.6667,9,0,,-0.2396,False,omgekeerd
XAGUSD,H1,sweep_dag,,TF+1 mee,230,-0.0435,0.0110,-0.0545,R15,0.3826,0.0803,-0.6787,-0.0087,-0.0136,-0.0239,0.3026,-0.1949,0.1485,0.4444,9,0,,-0.2939,False,omgekeerd
XAGUSD,H1,sweep_azie,,alle,1143,-0.0026,-0.0227,0.0201,R15,0.3990,0.0369,0.5453,-0.0201,0.0045,-0.0747,0.3026,0.0011,0.0481,0.5556,9,0,,-0.3052,False,mee
XAGUSD,H1,sweep_azie,,TF+1 mee,340,-0.0147,0.0248,-0.0395,R15,0.3941,0.0695,-0.5682,0.0353,0.0046,-0.3274,0.3026,-0.1486,0.1127,0.5556,9,0,,-0.3378,False,omgekeerd
XAGUSD,H1,sweep_week,,alle,141,-0.2730,-0.0714,-0.2016,R15,0.2908,0.1090,-1.8502,-0.2057,-0.1504,-0.1617,0.3026,-0.1677,-0.2596,0.8571,7,0,,-0.0969,False,omgekeerd
XAGUSD,H1,sweep_week,,TF+1 mee,28,-0.2857,0.0536,-0.3393,R15,0.2857,0.2649,-1.2807,-0.0714,-0.1000,0.0347,0.3026,-0.4318,,,0,0,,-0.2311,False,omgekeerd
XAGUSD,H1,FVG_vorming,,alle,6959,-0.0127,-0.0344,0.0217,R15,0.3943,0.0182,1.1925,-0.0166,0.0079,0.0930,0.3026,0.0154,0.0302,0.7778,9,0,,-0.3153,False,mee
XAGUSD,H1,FVG_vorming,,TF+1 mee,2057,0.0096,-0.0182,0.0277,R15,0.4030,0.0358,0.7753,-0.0126,-0.0074,0.1416,0.3026,0.0406,0.0113,0.6667,9,0,,-0.2930,False,mee
XAGUSD,H1,FVG_retest,,TF+1 mee,1657,0.0317,-0.0345,0.0661,R15,0.4122,0.0361,1.8314,0.0090,0.0234,0.1660,0.3026,0.0941,0.0309,0.7778,9,0,,-0.2709,False,mee
XAGUSD,H1,FVG_inverse,,alle,4035,-0.0689,-0.0224,-0.0465,R15,0.3720,0.0206,-2.2532,-0.0684,-0.0431,-0.0064,0.3026,-0.0273,-0.0722,0.6667,9,0,,-0.2341,False,omgekeerd
XAGUSD,H4,BOS,1.0000,alle,423,0.0047,-0.0318,0.0366,R15,0.4019,0.0663,0.5509,-0.0071,0.0258,0.1780,0.1414,0.1117,-0.0700,0.5556,9,1,3.0000,-0.1367,False,mee
XAGUSD,H4,BOS,1.0000,displacement,168,0.0268,-0.0905,0.1173,R15,0.4107,0.1038,1.1299,0.0000,0.0619,0.1677,0.1414,0.2066,0.0067,0.6667,9,1,3.0000,-0.1146,False,mee
XAGUSD,H4,BOS,1.0000,TF+1 mee,114,-0.0570,-0.0614,0.0044,R15,0.3772,0.1184,0.0371,-0.1404,-0.0737,0.0355,0.1414,0.2031,-0.2500,0.5000,6,2,2.0000,-0.1984,False,mee
XAGUSD,H4,BOS,1.0000,TF+1 en TF+2 mee,21,-0.5238,0.0000,-0.5238,R15,0.1905,0.2665,-1.9658,-0.3333,-0.4190,-0.1822,0.1414,,,,0,0,2.0000,0.1919,False,omgekeerd
XAGUSD,H4,CHoCH,1.0000,alle,388,-0.0206,-0.0425,0.0219,R15,0.3918,0.0653,0.3357,-0.0773,-0.0487,-0.0014,0.1414,0.0245,0.0182,0.6667,9,0,1.0000,-0.1620,False,mee
XAGUSD,H4,CHoCH,1.0000,displacement,148,-0.1892,-0.0110,-0.1782,R15,0.3243,0.1029,-1.7312,-0.1892,-0.1993,0.0038,0.1414,-0.2548,-0.0929,0.7778,9,1,3.0000,0.0478,False,omgekeerd
XAGUSD,H4,CHoCH,1.0000,MSS,25,0.2000,0.0200,0.1800,R15,0.4800,0.2784,0.6466,-0.0400,-0.0480,1.0866,0.1414,,,,0,1,1.0000,0.0586,False,mee
XAGUSD,H4,CHoCH,1.0000,TF+1 mee,111,-0.0766,-0.1142,0.0376,R15,0.3694,0.1267,0.2968,-0.0811,-0.0432,-0.2183,0.1414,0.0038,0.0788,0.7143,7,0,1.0000,-0.2180,False,mee
XAGUSD,H4,CHoCH,1.0000,met sweep,350,-0.0286,-0.0314,0.0029,R15,0.3886,0.0693,0.0412,-0.0800,-0.0586,-0.0462,0.1414,-0.0138,0.0273,0.5556,9,0,1.0000,-0.1700,False,mee
XAGUSD,H4,sweep_swing,1.0000,alle,1083,-0.0434,-0.0051,-0.0384,R15,0.3823,0.0366,-1.0470,-0.0139,0.0140,-0.0996,0.1414,-0.0590,-0.0085,0.7778,9,0,3.0000,-0.1276,False,omgekeerd
XAGUSD,H4,sweep_swing,1.0000,TF+1 mee,304,-0.1498,-0.0691,-0.0807,R15,0.3388,0.0764,-1.0572,-0.1118,-0.0605,-0.2698,0.1414,-0.0678,-0.1008,0.6667,9,0,1.0000,-0.0296,False,omgekeerd
XAGUSD,H4,BOS,3.0000,alle,236,-0.0042,-0.0281,0.0238,R15,0.3983,0.0899,0.2652,-0.0254,-0.0182,0.1335,0.1414,-0.0171,0.0825,0.6667,9,1,3.0000,-0.1457,False,mee
XAGUSD,H4,BOS,3.0000,displacement,104,0.0096,-0.0144,0.0240,R15,0.4038,0.1316,0.1826,0.0000,0.0308,0.2991,0.1414,-0.1273,0.1939,0.5000,6,0,3.0000,-0.1318,False,mee
XAGUSD,H4,BOS,3.0000,TF+1 mee,65,-0.1154,-0.0881,-0.0273,R15,0.3538,0.1606,-0.1697,-0.1385,-0.1169,0.0560,0.1414,-0.1154,0.0893,1.0000,3,0,1.0000,-0.0030,False,omgekeerd
XAGUSD,H4,BOS,3.0000,TF+1 en TF+2 mee,12,-0.1667,-0.3333,0.1667,R15,0.3333,0.3396,0.4907,0.0000,0.2667,-0.1088,0.1414,,,,0,0,1.0000,-0.3081,False,mee
XAGUSD,H4,CHoCH,3.0000,alle,200,-0.1625,-0.0226,-0.1399,R15,0.3350,0.0936,-1.4947,-0.1100,-0.0990,-0.0989,0.1414,-0.1086,-0.1908,0.6667,9,0,2.0000,-0.0314,False,omgekeerd
XAGUSD,H4,CHoCH,3.0000,displacement,105,-0.3333,-0.0560,-0.2774,R15,0.2667,0.1211,-2.2911,-0.2381,-0.1886,-0.3527,0.1414,-0.2564,-0.3043,0.6000,5,0,3.0000,0.0967,False,omgekeerd
XAGUSD,H4,CHoCH,3.0000,MSS,29,-0.2241,-0.0172,-0.2069,R15,0.3103,0.2242,-0.9230,-0.1724,-0.1241,-0.1037,0.1414,,,,0,1,2.0000,0.0310,False,omgekeerd
XAGUSD,H4,CHoCH,3.0000,TF+1 mee,68,-0.2279,-0.1021,-0.1258,R15,0.3088,0.1514,-0.8308,-0.2353,-0.1882,-0.2526,0.1414,0.0543,-0.4783,0.6667,3,0,2.0000,0.0939,False,omgekeerd
XAGUSD,H4,CHoCH,3.0000,met sweep,153,-0.0850,-0.0355,-0.0495,R15,0.3660,0.1079,-0.4588,-0.0850,-0.0575,0.0930,0.1414,-0.1166,0.0603,0.5556,9,0,2.0000,-0.0564,False,omgekeerd
XAGUSD,H4,sweep_swing,3.0000,alle,469,-0.0778,-0.0263,-0.0515,R15,0.3689,0.0640,-0.8039,-0.0746,-0.0642,-0.1684,0.1414,-0.1248,0.0621,0.4444,9,0,3.0000,-0.0668,False,omgekeerd
XAGUSD,H4,sweep_swing,3.0000,TF+1 mee,136,0.0478,-0.1286,0.1764,R15,0.4191,0.1190,1.4820,0.0000,0.0971,-0.1190,0.1414,0.2208,0.0975,0.8571,7,1,1.0000,-0.0936,False,mee
XAGUSD,H4,BOS,5.0000,alle,145,0.0172,-0.0026,0.0198,R15,0.4069,0.1108,0.1789,-0.0069,0.0352,-0.0052,0.1414,0.1404,-0.1328,0.5000,8,2,3.0000,-0.1242,False,mee
XAGUSD,H4,BOS,5.0000,displacement,77,0.1039,-0.0114,0.1153,R15,0.4416,0.1468,0.7853,0.0909,0.1390,0.1213,0.1414,0.4094,-0.2027,0.0000,3,2,3.0000,-0.0375,False,mee
XAGUSD,H4,BOS,5.0000,TF+1 mee,32,0.3281,0.0179,0.3102,R15,0.5312,0.2360,1.3145,0.1875,0.1625,0.2631,0.1414,,,,0,2,2.0000,0.1867,False,mee
XAGUSD,H4,BOS,5.0000,TF+1 en TF+2 mee,6,-0.1667,0.0000,-0.1667,R15,0.3333,0.5152,-0.3235,0.0000,0.0000,-1.7644,0.1414,,,,0,0,2.0000,-0.1414,False,omgekeerd
XAGUSD,H4,CHoCH,5.0000,alle,156,-0.1186,-0.0032,-0.1154,R15,0.3526,0.1026,-1.1247,-0.1154,-0.0846,-0.2640,0.1414,-0.0761,-0.1719,0.6250,8,0,2.0000,-0.0260,False,omgekeerd
XAGUSD,H4,CHoCH,5.0000,displacement,84,-0.1071,-0.0060,-0.1012,R15,0.3571,0.1472,-0.6876,-0.1190,-0.0952,-0.3121,0.1414,-0.0200,-0.2206,0.2500,4,0,3.0000,-0.0224,False,omgekeerd
XAGUSD,H4,CHoCH,5.0000,MSS,27,-0.1667,0.1852,-0.3519,R15,0.3333,0.2273,-1.5481,-0.1852,-0.2667,-0.7132,0.1414,,,,0,0,2.0000,0.0438,False,omgekeerd
XAGUSD,H4,CHoCH,5.0000,TF+1 mee,41,-0.1463,-0.1341,-0.0122,R15,0.3415,0.2137,-0.0571,-0.2195,-0.1561,0.0323,0.1414,-0.0417,,,0,0,2.0000,0.0781,False,omgekeerd
XAGUSD,H4,CHoCH,5.0000,met sweep,104,-0.1346,0.0192,-0.1538,R15,0.3462,0.1267,-1.2140,-0.1731,-0.1423,-0.2035,0.1414,-0.0968,-0.2381,0.5000,6,0,2.0000,0.0317,False,omgekeerd
XAGUSD,H4,sweep_swing,5.0000,alle,262,-0.1603,0.0177,-0.1780,R15,0.3359,0.0818,-2.1768,-0.1221,-0.1485,-0.2166,0.1414,-0.1308,-0.2411,1.0000,9,0,3.0000,-0.0193,False,omgekeerd
XAGUSD,H4,sweep_swing,5.0000,TF+1 mee,86,-0.0988,-0.0988,0.0000,R15,0.3605,0.1480,0.0000,-0.0465,-0.0605,-0.3368,0.1414,0.1531,-0.2027,0.0000,5,0,1.0000,-0.0949,False,omgekeerd
XAGUSD,H4,sweep_week,,alle,140,-0.1964,-0.0097,-0.1868,R15,0.3214,0.1123,-1.6632,-0.1571,-0.1364,-0.1981,0.1414,-0.1840,-0.1916,0.8571,7,0,,0.0157,False,omgekeerd
XAGUSD,H4,sweep_week,,TF+1 mee,48,-0.4271,-0.0417,-0.3854,R15,0.2292,0.1588,-2.4267,-0.3750,-0.4417,-0.3185,0.1414,-0.6400,-0.1087,,0,0,,0.2336,False,omgekeerd
XAGUSD,H4,FVG_vorming,,alle,1829,-0.0282,-0.0020,-0.0262,R15,0.3887,0.0335,-0.7810,-0.0137,-0.0108,0.0931,0.1414,-0.0294,-0.0217,0.6667,9,0,,-0.1277,False,omgekeerd
XAGUSD,H4,FVG_vorming,,TF+1 mee,497,-0.0694,-0.0565,-0.0130,R15,0.3722,0.0693,-0.1870,-0.0141,0.0137,-0.0422,0.1414,-0.0622,0.0590,0.4444,9,0,,-0.1273,False,omgekeerd
XAGUSD,H4,FVG_retest,,TF+1 mee,403,-0.0819,-0.0167,-0.0652,R15,0.3672,0.0758,-0.8600,-0.0174,-0.0020,-0.1358,0.1414,-0.0649,-0.0656,0.5556,9,0,,-0.1240,False,omgekeerd
XAGUSD,H4,FVG_inverse,,alle,1029,-0.0525,-0.0486,-0.0038,R15,0.3790,0.0411,-0.0935,-0.0573,-0.0139,-0.0341,0.1414,-0.0324,0.0347,0.4444,9,0,,-0.0841,False,omgekeerd
US500,M15,BOS,1.0000,alle,4937,-0.0209,-0.0034,-0.0176,R15,0.3885,0.0194,-0.9039,-0.0415,-0.0238,-0.0170,0.3286,-0.0394,0.0040,0.4444,9,4,2.0000,-0.2872,False,omgekeerd
US500,M15,BOS,1.0000,displacement,2087,-0.0101,-0.0023,-0.0078,R15,0.3934,0.0288,-0.2722,-0.0402,-0.0123,0.0399,0.3286,-0.0700,0.0611,0.3333,9,3,2.0000,-0.2884,False,omgekeerd
US500,M15,BOS,1.0000,TF+1 mee,1474,-0.0345,-0.0010,-0.0334,R15,0.3847,0.0359,-0.9329,-0.0451,-0.0346,-0.0093,0.3286,-0.0412,-0.0258,0.6667,9,3,3.0000,-0.2835,False,omgekeerd
US500,M15,BOS,1.0000,TF+1 en TF+2 mee,467,-0.0310,-0.0353,0.0042,R15,0.3876,0.0649,0.0653,-0.0321,0.0008,-0.1575,0.3286,-0.0349,0.0435,0.4444,9,0,1.0000,-0.3597,False,mee
US500,M15,CHoCH,1.0000,alle,4521,0.0065,-0.0046,0.0111,R15,0.3984,0.0200,0.5520,-0.0231,-0.0021,-0.0395,0.3286,0.0187,0.0032,0.4444,9,0,2.0000,-0.3221,False,mee
US500,M15,CHoCH,1.0000,displacement,1893,-0.0174,-0.0288,0.0114,R15,0.3909,0.0311,0.3680,-0.0445,-0.0023,-0.0587,0.3286,-0.0079,0.0318,0.6667,9,0,2.0000,-0.3460,False,mee
US500,M15,CHoCH,1.0000,MSS,442,-0.0564,-0.0155,-0.0409,R15,0.3756,0.0647,-0.6327,-0.0346,-0.0023,0.0998,0.3286,-0.0308,-0.0510,0.6667,9,2,3.0000,-0.2941,False,omgekeerd
US500,M15,CHoCH,1.0000,TF+1 mee,1301,-0.0482,-0.0038,-0.0444,R15,0.3774,0.0342,-1.2976,-0.0945,-0.0727,0.0689,0.3286,-0.0701,-0.0192,0.5556,9,3,2.0000,-0.2341,False,omgekeerd
US500,M15,CHoCH,1.0000,met sweep,3461,-0.0037,-0.0088,0.0051,R15,0.3944,0.0238,0.2152,-0.0262,-0.0015,-0.0459,0.3286,0.0246,-0.0133,0.4444,9,0,3.0000,-0.3323,False,mee
US500,M15,sweep_swing,1.0000,alle,9638,-0.0175,-0.0072,-0.0103,R15,0.3890,0.0135,-0.7634,-0.0267,-0.0026,0.0055,0.3286,0.0034,-0.0238,0.5556,9,1,3.0000,-0.3020,False,omgekeerd
US500,M15,sweep_swing,1.0000,TF+1 mee,2720,-0.0210,-0.0043,-0.0167,R15,0.3879,0.0254,-0.6585,-0.0278,-0.0059,0.0748,0.3286,-0.0396,0.0064,0.6667,9,1,3.0000,-0.3009,False,omgekeerd
US500,M15,BOS,3.0000,alle,2280,0.0041,-0.0160,0.0201,R15,0.3991,0.0289,0.6974,-0.0148,0.0132,-0.0152,0.3286,0.0081,0.0319,0.5556,9,0,1.0000,-0.3246,False,mee
US500,M15,BOS,3.0000,displacement,1149,-0.0112,-0.0124,0.0011,R15,0.3943,0.0398,0.0279,-0.0581,-0.0284,0.1138,0.3286,0.0170,-0.0158,0.5556,9,0,1.0000,-0.3399,False,mee
US500,M15,BOS,3.0000,TF+1 mee,773,-0.0419,-0.0041,-0.0379,R15,0.3816,0.0521,-0.7262,-0.0563,-0.0368,0.0542,0.3286,-0.0441,-0.0302,0.6667,9,3,3.0000,-0.2723,False,omgekeerd
US500,M15,BOS,3.0000,TF+1 en TF+2 mee,228,-0.1164,0.0212,-0.1376,R15,0.3509,0.0944,-1.4582,-0.1164,-0.1331,0.0638,0.3286,-0.1952,-0.0780,0.7778,9,2,2.0000,-0.2122,False,omgekeerd
US500,M15,CHoCH,3.0000,alle,2348,0.0062,-0.0108,0.0170,R15,0.3995,0.0278,0.6132,-0.0025,0.0265,-0.0225,0.3286,-0.0252,0.0626,0.6667,9,0,2.0000,-0.3224,False,mee
US500,M15,CHoCH,3.0000,displacement,1200,-0.0007,-0.0215,0.0208,R15,0.3975,0.0398,0.5219,0.0023,0.0344,-0.0230,0.3286,-0.0355,0.0829,0.6667,9,0,2.0000,-0.3293,False,mee
US500,M15,CHoCH,3.0000,MSS,430,-0.1006,-0.0133,-0.0872,R15,0.3581,0.0638,-1.3682,-0.0774,-0.0329,-0.0870,0.3286,-0.1575,-0.0183,0.7778,9,1,3.0000,-0.2512,False,omgekeerd
US500,M15,CHoCH,3.0000,TF+1 mee,562,0.0591,0.0070,0.0521,R15,0.4217,0.0523,0.9954,0.0368,0.0628,0.3503,0.3286,-0.0038,0.1027,0.7500,8,0,1.0000,-0.2695,False,mee
US500,M15,CHoCH,3.0000,met sweep,1461,0.0402,0.0005,0.0397,R15,0.4120,0.0337,1.1796,0.0131,0.0353,-0.0865,0.3286,0.0269,0.0516,0.6667,9,0,3.0000,-0.2884,False,mee
US500,M15,sweep_swing,3.0000,alle,4084,-0.0271,-0.0117,-0.0153,R15,0.3859,0.0204,-0.7531,-0.0449,-0.0140,0.0182,0.3286,-0.0096,-0.0213,0.5556,9,1,3.0000,-0.2837,False,omgekeerd
US500,M15,sweep_swing,3.0000,TF+1 mee,1193,-0.0329,-0.0089,-0.0240,R15,0.3822,0.0410,-0.5859,-0.0562,-0.0246,0.1222,0.3286,-0.0532,0.0085,0.6667,9,0,3.0000,-0.2725,False,omgekeerd
US500,M15,BOS,5.0000,alle,1591,-0.0474,-0.0105,-0.0369,R15,0.3777,0.0353,-1.0468,-0.0632,-0.0409,-0.0123,0.3286,-0.0266,-0.0478,0.7778,9,3,2.0000,-0.2654,False,omgekeerd
US500,M15,BOS,5.0000,displacement,850,-0.0402,-0.0001,-0.0401,R15,0.3824,0.0460,-0.8716,-0.0973,-0.0752,0.0265,0.3286,-0.0237,-0.0593,0.7778,9,2,2.0000,-0.2314,False,omgekeerd
US500,M15,BOS,5.0000,TF+1 mee,621,-0.0186,0.0060,-0.0246,R15,0.3881,0.0538,-0.4562,-0.0575,-0.0428,0.2769,0.3286,-0.0085,-0.0435,0.6667,9,1,3.0000,-0.2712,False,omgekeerd
US500,M15,BOS,5.0000,TF+1 en TF+2 mee,190,-0.2029,0.0009,-0.2038,R15,0.3158,0.0985,-2.0698,-0.1502,-0.1141,0.2241,0.3286,-0.2069,-0.2004,0.6667,9,1,2.0000,-0.1784,False,omgekeerd
US500,M15,CHoCH,5.0000,alle,1546,-0.0446,-0.0260,-0.0186,R15,0.3810,0.0329,-0.5643,-0.0321,0.0086,-0.0318,0.3286,-0.0210,-0.0160,0.5556,9,3,1.0000,-0.2966,False,omgekeerd
US500,M15,CHoCH,5.0000,displacement,868,-0.0456,-0.0229,-0.0227,R15,0.3813,0.0445,-0.5098,-0.0291,0.0272,-0.0545,0.3286,-0.0032,-0.0442,0.4444,9,2,1.0000,-0.2996,False,omgekeerd
US500,M15,CHoCH,5.0000,MSS,371,-0.0546,-0.0159,-0.0387,R15,0.3774,0.0651,-0.5943,-0.0600,-0.0197,-0.1477,0.3286,-0.0801,-0.0033,0.5556,9,2,3.0000,-0.2687,False,omgekeerd
US500,M15,CHoCH,5.0000,TF+1 mee,305,-0.0114,0.0136,-0.0250,R15,0.3934,0.0813,-0.3075,-0.0114,0.0022,0.2879,0.3286,-0.0040,-0.0421,0.6250,8,3,2.0000,-0.3173,False,omgekeerd
US500,M15,CHoCH,5.0000,met sweep,786,-0.0330,-0.0386,0.0056,R15,0.3855,0.0487,0.1156,-0.0069,0.0425,-0.0934,0.3286,0.0196,-0.0072,0.6667,9,0,3.0000,-0.3616,False,mee
US500,M15,sweep_swing,5.0000,alle,2478,-0.0328,0.0050,-0.0378,R15,0.3846,0.0253,-1.4913,-0.0520,-0.0371,0.0127,0.3286,-0.0461,-0.0283,0.8889,9,0,3.0000,-0.2766,False,omgekeerd
US500,M15,sweep_swing,5.0000,TF+1 mee,703,-0.0703,0.0515,-0.1218,R15,0.3698,0.0505,-2.4112,-0.0782,-0.1024,0.1350,0.3286,-0.1209,-0.1228,0.7778,9,1,3.0000,-0.2504,False,omgekeerd
US500,M15,sweep_dag,,alle,642,-0.0586,-0.0254,-0.0331,R15,0.3723,0.0482,-0.6877,-0.0564,-0.0249,-0.0590,0.3286,0.0069,-0.0931,0.6667,9,0,,-0.2723,False,omgekeerd
US500,M15,sweep_dag,,TF+1 mee,149,-0.0940,0.0136,-0.1075,R15,0.3624,0.1038,-1.0360,-0.0604,-0.0801,-0.4385,0.3286,-0.0483,-0.2059,0.7500,8,0,,-0.2682,False,omgekeerd
US500,M15,sweep_azie,,alle,1135,0.0352,-0.0267,0.0620,R15,0.4141,0.0396,1.5651,0.0256,0.0704,0.1270,0.3286,0.0518,0.0778,0.6667,9,0,,-0.2934,False,mee
US500,M15,sweep_azie,,TF+1 mee,335,0.0448,-0.0028,0.0476,R15,0.4179,0.0687,0.6924,-0.0090,0.0287,0.3610,0.3286,0.0440,0.0530,0.4444,9,0,,-0.2839,False,mee
US500,M15,FVG_vorming,,alle,28774,0.0081,0.0003,0.0078,R15,0.3988,0.0085,0.9153,-0.0152,0.0002,-0.0194,0.3286,0.0042,0.0119,0.6667,9,0,,-0.3205,False,mee
US500,M15,FVG_vorming,,TF+1 mee,8303,-0.0086,0.0002,-0.0088,R15,0.3935,0.0165,-0.5316,-0.0289,-0.0099,0.0160,0.3286,-0.0151,-0.0013,0.4444,9,0,,-0.2998,False,omgekeerd
US500,M15,FVG_retest,,TF+1 mee,6754,0.0131,0.0103,0.0028,R15,0.4014,0.0181,0.1530,-0.0223,-0.0124,0.0216,0.3286,-0.0081,0.0156,0.5556,9,0,,-0.3155,False,mee
US500,M15,FVG_inverse,,alle,16349,-0.0001,-0.0064,0.0063,R15,0.3967,0.0102,0.6231,-0.0250,-0.0034,0.0281,0.3286,0.0080,0.0045,0.6667,9,0,,-0.3287,False,mee
US500,H1,BOS,1.0000,alle,1559,-0.0365,0.0030,-0.0395,R15,0.3849,0.0347,-1.1387,-0.0699,-0.0441,0.0707,0.1733,-0.0518,-0.0220,0.6667,9,1,2.0000,-0.1034,False,omgekeerd
US500,H1,BOS,1.0000,displacement,682,-0.0249,-0.0220,-0.0029,R15,0.3900,0.0527,-0.0554,-0.0762,-0.0270,0.0688,0.1733,-0.0188,0.0233,0.5556,9,1,2.0000,-0.0970,False,omgekeerd
US500,H1,BOS,1.0000,TF+1 mee,442,-0.1120,0.0128,-0.1248,R15,0.3552,0.0645,-1.9342,-0.1267,-0.1167,-0.2668,0.1733,-0.1277,-0.1214,0.6667,9,1,2.0000,-0.0466,False,omgekeerd
US500,H1,BOS,1.0000,TF+1 en TF+2 mee,156,-0.0385,0.0073,-0.0457,R15,0.3846,0.1166,-0.3920,-0.0897,-0.0590,-0.2063,0.1733,0.0185,-0.1151,0.5000,8,0,2.0000,-0.0835,False,omgekeerd
US500,H1,CHoCH,1.0000,alle,1479,-0.0838,-0.0317,-0.0521,R15,0.3665,0.0336,-1.5507,-0.0886,-0.0481,-0.1956,0.1733,-0.0446,-0.0632,0.7778,9,2,2.0000,-0.0847,False,omgekeerd
US500,H1,CHoCH,1.0000,displacement,633,-0.0126,-0.0627,0.0501,R15,0.3949,0.0505,0.9912,-0.0458,0.0371,-0.2039,0.1733,0.0599,0.0366,0.6667,9,2,2.0000,-0.1859,False,mee
US500,H1,CHoCH,1.0000,MSS,109,-0.1514,-0.1479,-0.0034,R15,0.3394,0.1266,-0.0272,-0.1743,-0.0651,-0.4541,0.1733,0.0312,-0.0610,0.5000,6,0,2.0000,0.0010,False,omgekeerd
US500,H1,CHoCH,1.0000,TF+1 mee,438,-0.1039,-0.0148,-0.0890,R15,0.3584,0.0598,-1.4891,-0.1050,-0.0667,-0.2660,0.1733,-0.0781,-0.1044,0.7778,9,1,2.0000,-0.0682,False,omgekeerd
US500,H1,CHoCH,1.0000,met sweep,1198,-0.0839,-0.0384,-0.0455,R15,0.3664,0.0377,-1.2059,-0.0751,-0.0298,-0.2381,0.1733,-0.0248,-0.0744,0.7778,9,2,3.0000,-0.0981,False,omgekeerd
US500,H1,sweep_swing,1.0000,alle,3426,-0.0158,-0.0200,0.0042,R15,0.3935,0.0227,0.1862,-0.0286,0.0094,-0.0585,0.1733,-0.0135,0.0297,0.5556,9,0,3.0000,-0.1891,False,mee
US500,H1,sweep_swing,1.0000,TF+1 mee,1045,-0.0150,-0.0237,0.0088,R15,0.3933,0.0461,0.1906,0.0010,0.0417,-0.0045,0.1733,0.0322,-0.0230,0.4444,9,1,2.0000,-0.1882,False,mee
US500,H1,BOS,3.0000,alle,755,0.0199,-0.0121,0.0320,R15,0.4079,0.0485,0.6587,-0.0464,-0.0053,0.1613,0.1733,0.0414,0.0191,0.6667,9,0,1.0000,-0.1534,False,mee
US500,H1,BOS,3.0000,displacement,423,0.0284,-0.0505,0.0789,R15,0.4113,0.0651,1.2119,-0.0402,0.0348,0.0805,0.1733,0.0881,0.0661,0.6667,9,0,1.0000,-0.1449,False,mee
US500,H1,BOS,3.0000,TF+1 mee,210,0.0119,-0.0310,0.0429,R15,0.4048,0.0930,0.4606,-0.0762,-0.0229,0.0173,0.1733,0.0447,0.0402,0.4444,9,0,1.0000,-0.1614,False,mee
US500,H1,BOS,3.0000,TF+1 en TF+2 mee,74,0.0473,0.0203,0.0270,R15,0.4189,0.1911,0.1414,-0.0270,-0.0703,0.2480,0.1733,0.0588,-0.0435,0.6667,3,2,1.0000,-0.1260,False,mee
US500,H1,CHoCH,3.0000,alle,777,-0.0601,-0.0073,-0.0528,R15,0.3758,0.0434,-1.2187,-0.0528,-0.0389,-0.2778,0.1733,-0.0809,-0.0070,0.6667,9,2,2.0000,-0.1205,False,omgekeerd
US500,H1,CHoCH,3.0000,displacement,391,-0.0657,-0.0090,-0.0568,R15,0.3734,0.0631,-0.8999,-0.0486,-0.0276,-0.2840,0.1733,-0.0228,-0.1113,0.5556,9,1,1.0000,-0.1247,False,omgekeerd
US500,H1,CHoCH,3.0000,MSS,111,-0.1640,0.0090,-0.1730,R15,0.3333,0.1189,-1.4550,-0.0991,-0.1117,-0.4639,0.1733,-0.1471,-0.2140,0.8000,5,1,2.0000,-0.0742,False,omgekeerd
US500,H1,CHoCH,3.0000,TF+1 mee,197,-0.0482,0.0250,-0.0732,R15,0.3807,0.0930,-0.7871,-0.0355,-0.0122,-0.2194,0.1733,-0.2309,0.1622,0.4444,9,2,2.0000,-0.1377,False,omgekeerd
US500,H1,CHoCH,3.0000,met sweep,508,-0.0502,-0.0103,-0.0399,R15,0.3799,0.0559,-0.7128,-0.0472,-0.0209,-0.3493,0.1733,-0.0581,-0.0114,0.5556,9,2,3.0000,-0.1260,False,omgekeerd
US500,H1,sweep_swing,3.0000,alle,1520,-0.0033,-0.0338,0.0305,R15,0.3987,0.0341,0.8958,-0.0289,0.0186,0.0608,0.1733,0.0892,-0.0555,0.5556,9,1,3.0000,-0.1766,False,mee
US500,H1,sweep_swing,3.0000,TF+1 mee,475,-0.0263,-0.0032,-0.0232,R15,0.3895,0.0610,-0.3796,-0.0105,0.0328,-0.0210,0.1733,0.1040,-0.1965,0.6667,9,2,1.0000,-0.1627,False,omgekeerd
US500,H1,BOS,5.0000,alle,511,-0.0900,-0.0156,-0.0744,R15,0.3640,0.0582,-1.2779,-0.1155,-0.0658,-0.0436,0.1733,-0.0753,-0.0732,0.7778,9,0,2.0000,-0.0578,False,omgekeerd
US500,H1,BOS,5.0000,displacement,268,-0.1138,-0.0390,-0.0748,R15,0.3545,0.0795,-0.9414,-0.1194,-0.0299,-0.2200,0.1733,-0.0762,-0.0727,0.6667,9,0,2.0000,-0.0539,False,omgekeerd
US500,H1,BOS,5.0000,TF+1 mee,205,-0.0854,-0.0332,-0.0522,R15,0.3659,0.0910,-0.5730,-0.1220,-0.0605,-0.2067,0.1733,-0.0488,-0.0577,0.5556,9,0,2.0000,-0.0513,False,omgekeerd
US500,H1,BOS,5.0000,TF+1 en TF+2 mee,62,-0.1129,0.0806,-0.1935,R15,0.3548,0.1859,-1.0412,-0.1613,-0.1806,0.1193,0.1733,-0.3462,0.0652,0.6667,3,1,2.0000,-0.0120,False,omgekeerd
US500,H1,CHoCH,5.0000,alle,523,-0.0243,-0.0394,0.0151,R15,0.3901,0.0571,0.2646,-0.0860,-0.0226,0.0543,0.1733,0.0004,0.0364,0.7778,9,0,1.0000,-0.1976,False,mee
US500,H1,CHoCH,5.0000,displacement,301,-0.0272,-0.0581,0.0309,R15,0.3887,0.0715,0.4319,-0.0831,0.0186,0.0030,0.1733,0.0455,0.0104,0.4444,9,1,2.0000,-0.2005,False,mee
US500,H1,CHoCH,5.0000,MSS,100,0.0530,-0.0500,0.1030,R15,0.4200,0.1378,0.7475,-0.0400,0.0240,0.5962,0.1733,0.1000,0.1060,0.5000,6,0,1.0000,-0.1203,False,mee
US500,H1,CHoCH,5.0000,TF+1 mee,100,-0.0500,-0.0700,0.0200,R15,0.3800,0.1324,0.1511,-0.0800,-0.0040,-0.1707,0.1733,0.0268,0.0114,0.6667,6,1,1.0000,-0.2233,False,mee
US500,H1,CHoCH,5.0000,met sweep,273,-0.0293,-0.0132,-0.0161,R15,0.3883,0.0793,-0.2029,-0.0769,-0.0418,0.0751,0.1733,-0.0805,0.0672,0.6667,9,0,3.0000,-0.0963,False,omgekeerd
US500,H1,sweep_swing,5.0000,alle,907,-0.0160,-0.0232,0.0072,R15,0.3936,0.0448,0.1612,-0.0452,0.0042,0.1880,0.1733,0.0183,-0.0097,0.4444,9,1,3.0000,-0.1893,False,mee
US500,H1,sweep_swing,5.0000,TF+1 mee,290,-0.0172,-0.0573,0.0401,R15,0.3931,0.0715,0.5608,-0.0138,0.0497,0.2956,0.1733,-0.0022,0.1008,0.4444,9,0,2.0000,-0.1905,False,mee
US500,H1,sweep_dag,,alle,686,-0.0087,-0.0051,-0.0037,R15,0.3965,0.0519,-0.0708,-0.0350,-0.0064,0.1901,0.1733,0.0227,-0.0417,0.5556,9,0,,-0.1383,False,omgekeerd
US500,H1,sweep_dag,,TF+1 mee,216,-0.0509,-0.0665,0.0156,R15,0.3796,0.0949,0.1643,-0.0556,-0.0037,0.1832,0.1733,0.0709,-0.0633,0.5556,9,0,,-0.2242,False,mee
US500,H1,sweep_azie,,alle,1189,0.0050,-0.0152,0.0203,R15,0.4020,0.0357,0.5679,-0.0059,0.0261,0.1652,0.1733,0.0403,-0.0072,0.6667,9,0,,-0.1682,False,mee
US500,H1,sweep_azie,,TF+1 mee,379,-0.0106,0.0303,-0.0409,R15,0.3958,0.0686,-0.5963,0.0079,-0.0011,0.4653,0.1733,0.0141,-0.1114,0.4444,9,0,,-0.1812,False,omgekeerd
US500,H1,sweep_week,,alle,133,0.0526,0.0150,0.0376,R15,0.4211,0.1207,0.3116,0.0226,0.0481,0.0095,0.1733,0.1181,-0.0574,0.7143,7,0,,-0.1206,False,mee
US500,H1,sweep_week,,TF+1 mee,27,0.0185,0.0926,-0.0741,R15,0.4074,0.2705,-0.2738,-0.1111,-0.2815,0.0128,0.1733,,,,0,0,,-0.0622,False,omgekeerd
US500,H1,FVG_vorming,,alle,8316,0.0301,0.0057,0.0244,R15,0.4117,0.0174,1.4037,0.0043,0.0158,0.0191,0.1733,0.0008,0.0598,0.7778,9,0,,-0.1431,False,mee
US500,H1,FVG_vorming,,TF+1 mee,2416,-0.0375,-0.0289,-0.0086,R15,0.3845,0.0322,-0.2689,-0.0414,-0.0108,-0.1275,0.1733,-0.0691,0.0770,0.4444,9,0,,-0.1319,False,omgekeerd
US500,H1,FVG_retest,,TF+1 mee,1961,-0.0692,-0.0273,-0.0419,R15,0.3717,0.0319,-1.3154,-0.0954,-0.0549,-0.1161,0.1733,-0.0867,0.0224,0.5556,9,0,,-0.0779,False,omgekeerd
US500,H1,FVG_inverse,,alle,4724,-0.0235,-0.0211,-0.0025,R15,0.3906,0.0189,-0.1311,-0.0305,0.0151,-0.0453,0.1733,-0.0090,0.0076,0.3333,9,0,,-0.1428,False,omgekeerd
US500,H4,BOS,1.0000,alle,429,-0.0443,-0.0273,-0.0170,R15,0.3823,0.0704,-0.2410,-0.0676,-0.0182,-0.1148,0.0806,0.0212,-0.0692,0.5556,9,1,2.0000,-0.0130,False,omgekeerd
US500,H4,BOS,1.0000,displacement,161,-0.1149,-0.0054,-0.1095,R15,0.3540,0.1025,-1.0685,-0.1304,-0.1068,-0.2959,0.0806,-0.0829,-0.1449,0.5714,7,0,2.0000,0.0499,False,omgekeerd
US500,H4,BOS,1.0000,TF+1 mee,137,0.0401,-0.0438,0.0839,R15,0.4161,0.1243,0.6753,-0.0219,0.0584,-0.2715,0.0806,0.1429,-0.0094,0.4286,7,2,3.0000,-0.0404,False,mee
US500,H4,BOS,1.0000,TF+1 en TF+2 mee,54,0.0648,0.1574,-0.0926,R15,0.4259,0.1700,-0.5447,-0.0370,-0.0593,-0.1041,0.0806,-0.0806,-0.1087,0.0000,1,1,1.0000,-0.0435,False,omgekeerd
US500,H4,CHoCH,1.0000,alle,394,-0.0038,0.0116,-0.0154,R15,0.3985,0.0665,-0.2315,-0.0812,-0.0569,-0.1649,0.0806,0.0249,-0.0696,0.4444,9,1,1.0000,0.0007,False,omgekeerd
US500,H4,CHoCH,1.0000,displacement,175,-0.1000,-0.0729,-0.0271,R15,0.3600,0.1063,-0.2552,-0.1429,-0.0417,-0.2487,0.0806,0.0381,-0.1250,0.3750,8,2,1.0000,0.0623,False,omgekeerd
US500,H4,CHoCH,1.0000,MSS,31,-0.0323,-0.0806,0.0484,R15,0.3871,0.2788,0.1736,-0.1613,-0.0290,-0.1787,0.0806,0.1250,,,0,1,1.0000,-0.1128,False,mee
US500,H4,CHoCH,1.0000,TF+1 mee,125,0.0800,0.0040,0.0760,R15,0.4320,0.1321,0.5753,-0.0400,-0.0192,-0.1448,0.0806,0.2344,-0.0902,0.3750,8,0,3.0000,-0.0006,False,mee
US500,H4,CHoCH,1.0000,met sweep,329,-0.0046,0.0124,-0.0169,R15,0.3982,0.0735,-0.2302,-0.0942,-0.0739,-0.1428,0.0806,0.0033,-0.0439,0.6667,9,0,2.0000,0.0137,False,omgekeerd
US500,H4,sweep_swing,1.0000,alle,1051,-0.0010,0.0369,-0.0378,R15,0.3996,0.0386,-0.9789,-0.0504,-0.0413,0.0119,0.0806,0.0243,-0.1436,0.6667,9,1,1.0000,-0.0301,False,omgekeerd
US500,H4,sweep_swing,1.0000,TF+1 mee,346,0.0477,0.0043,0.0434,R15,0.4191,0.0778,0.5573,-0.0173,-0.0035,0.1477,0.0806,0.2236,-0.2007,0.3333,9,0,2.0000,-0.0329,False,mee
US500,H4,BOS,3.0000,alle,236,-0.0042,-0.0083,0.0040,R15,0.3983,0.0838,0.0483,-0.0593,-0.0352,-0.1523,0.0806,-0.0114,0.0250,0.4444,9,1,1.0000,-0.0848,False,mee
US500,H4,BOS,3.0000,displacement,122,0.0246,-0.0089,0.0334,R15,0.4098,0.1185,0.2823,-0.0984,-0.0738,0.0705,0.0806,-0.0680,0.1491,0.6250,8,0,1.0000,-0.0560,False,mee
US500,H4,BOS,3.0000,TF+1 mee,74,0.1149,0.0338,0.0811,R15,0.4459,0.1456,0.5568,0.0541,0.0595,-0.1342,0.0806,0.2234,-0.1667,1.0000,2,0,3.0000,0.0343,False,mee
US500,H4,BOS,3.0000,TF+1 en TF+2 mee,22,0.1364,0.0682,0.0682,R15,0.4545,0.3136,0.2174,0.0909,0.1455,0.0902,0.0806,,,,0,0,2.0000,0.0558,False,mee
US500,H4,CHoCH,3.0000,alle,229,0.0153,0.0131,0.0021,R15,0.4061,0.0873,0.0246,-0.0044,0.0319,0.0191,0.0806,-0.0380,0.0598,0.5556,9,2,2.0000,-0.0653,False,mee
US500,H4,CHoCH,3.0000,displacement,111,0.0811,-0.0304,0.1114,R15,0.4324,0.1281,0.8701,0.0811,0.1234,0.0011,0.0806,0.1993,-0.0328,0.8000,5,1,2.0000,0.0005,False,mee
US500,H4,CHoCH,3.0000,MSS,35,0.0714,0.0751,-0.0037,R15,0.4286,0.2149,-0.0172,0.0857,0.0257,0.0059,0.0806,0.0595,,0.0000,1,1,2.0000,-0.1663,False,omgekeerd
US500,H4,CHoCH,3.0000,TF+1 mee,66,0.1742,-0.0379,0.2121,R15,0.4697,0.1646,1.2886,0.1818,0.2606,0.2143,0.0806,0.4865,-0.1379,0.6667,3,1,3.0000,0.0937,False,mee
US500,H4,CHoCH,3.0000,met sweep,167,-0.0269,0.0135,-0.0405,R15,0.3892,0.1019,-0.3973,-0.0539,-0.0263,-0.1715,0.0806,-0.1796,0.1386,0.4444,9,0,2.0000,-0.0267,False,omgekeerd
US500,H4,sweep_swing,3.0000,alle,490,0.0561,0.0028,0.0533,R15,0.4224,0.0574,0.9283,0.0082,0.0153,0.1007,0.0806,0.1397,-0.1021,0.6667,9,0,2.0000,-0.0244,False,mee
US500,H4,sweep_swing,3.0000,TF+1 mee,146,0.0445,-0.0514,0.0959,R15,0.4178,0.0996,0.9626,0.0000,0.0630,0.1436,0.0806,0.3000,-0.1885,0.5714,7,2,2.0000,-0.0360,False,mee
US500,H4,BOS,5.0000,alle,155,-0.0806,0.0815,-0.1621,R15,0.3677,0.0988,-1.6399,-0.1097,-0.1555,-0.2679,0.0806,-0.1353,-0.2069,0.6250,8,1,2.0000,0.0291,False,omgekeerd
US500,H4,BOS,5.0000,displacement,81,-0.0741,0.0694,-0.1435,R15,0.3704,0.1358,-1.0567,-0.1852,-0.1889,0.1363,0.0806,-0.0889,-0.2414,0.6667,3,0,2.0000,0.1046,False,omgekeerd
US500,H4,BOS,5.0000,TF+1 mee,56,-0.1071,-0.1161,0.0089,R15,0.3571,0.1523,0.0586,-0.1071,0.0000,-0.1836,0.0806,0.0286,-0.0238,0.0000,1,3,3.0000,-0.1877,False,mee
US500,H4,BOS,5.0000,TF+1 en TF+2 mee,15,0.3333,0.0667,0.2667,R15,0.5333,0.3499,0.7621,0.2000,0.2667,0.6163,0.0806,,,,0,1,2.0000,0.2528,False,mee
US500,H4,CHoCH,5.0000,alle,148,-0.0034,-0.0439,0.0405,R15,0.3986,0.1063,0.3812,-0.0541,0.0108,-0.0081,0.0806,0.0174,0.0726,0.5556,9,1,2.0000,-0.0839,False,mee
US500,H4,CHoCH,5.0000,displacement,80,-0.0312,-0.0625,0.0312,R15,0.3875,0.1485,0.2104,-0.0500,0.0500,-0.2542,0.0806,0.2442,-0.2162,0.5000,2,0,2.0000,-0.1118,False,mee
US500,H4,CHoCH,5.0000,MSS,26,-0.1346,-0.0192,-0.1154,R15,0.3462,0.2360,-0.4889,-0.0769,0.0308,-0.7976,0.0806,,,,0,1,2.0000,-0.0036,False,omgekeerd
US500,H4,CHoCH,5.0000,TF+1 mee,45,0.1111,-0.0216,0.1327,R15,0.4444,0.2063,0.6432,0.0667,0.1416,0.1781,0.0806,0.3113,-0.0714,1.0000,1,1,3.0000,0.0306,False,mee
US500,H4,CHoCH,5.0000,met sweep,90,-0.0278,-0.0778,0.0500,R15,0.3889,0.1399,0.3575,-0.0889,0.0133,-0.0644,0.0806,-0.0263,0.1818,0.5000,4,0,1.0000,-0.1083,False,mee
US500,H4,sweep_swing,5.0000,alle,283,0.0512,0.0085,0.0427,R15,0.4205,0.0778,0.5488,-0.0035,0.0163,0.1186,0.0806,0.1243,-0.0936,0.4444,9,0,2.0000,-0.0293,False,mee
US500,H4,sweep_swing,5.0000,TF+1 mee,87,0.0920,0.1325,-0.0406,R15,0.4368,0.1515,-0.2677,-0.0345,-0.0785,-0.0108,0.0806,-0.0398,-0.0417,0.4000,5,1,1.0000,-0.0461,False,omgekeerd
US500,H4,sweep_week,,alle,147,-0.0136,0.0264,-0.0400,R15,0.3946,0.1030,-0.3885,0.0204,0.0299,0.1793,0.0806,0.1090,-0.2084,0.7778,9,0,,-0.1010,False,omgekeerd
US500,H4,sweep_week,,TF+1 mee,42,-0.4048,-0.0476,-0.3571,R15,0.2381,0.1854,-1.9262,-0.2857,-0.2571,-0.3414,0.0806,,-0.4600,,0,0,,0.2052,False,omgekeerd
US500,H4,FVG_vorming,,alle,2266,0.0133,-0.0029,0.0162,R15,0.4042,0.0335,0.4846,0.0035,0.0195,-0.0337,0.0806,0.0071,0.0299,0.5556,9,0,,-0.0672,False,mee
US500,H4,FVG_vorming,,TF+1 mee,730,0.0103,-0.0233,0.0336,R15,0.4041,0.0616,0.5450,0.0192,0.0778,-0.0559,0.0806,0.0952,-0.0606,0.4444,9,0,,-0.0703,False,mee
US500,H4,FVG_retest,,TF+1 mee,587,-0.0843,-0.0375,-0.0468,R15,0.3663,0.0616,-0.7599,-0.0903,-0.0361,-0.0469,0.0806,-0.0629,-0.0245,0.5556,9,0,,0.0097,False,omgekeerd
US500,H4,FVG_inverse,,alle,1267,-0.0552,0.0090,-0.0642,R15,0.3765,0.0356,-1.8023,-0.0655,-0.0556,-0.1291,0.0806,-0.1181,0.0158,0.6667,9,0,,-0.0150,False,omgekeerd
